m_size,k_size,n_size,num_cores,duration
640,32,32,10,1849.0
640,32,96,10,2448.0
640,32,192,10,3185.0
640,32,288,10,4600.0
640,32,384,10,5601.0
640,32,480,10,6641.0
640,32,576,10,7705.0
640,32,672,10,8719.0
640,32,768,10,9747.0
640,32,864,10,10792.0
640,96,32,10,2363.0
640,96,96,10,3759.0
640,96,192,10,5749.0
640,96,288,10,8974.0
640,96,384,10,11446.0
640,96,480,10,13847.0
640,96,576,10,16472.0
640,96,672,10,18847.0
640,96,768,10,21519.0
640,96,864,10,23688.0
640,192,32,10,3207.0
640,192,96,10,5767.0
640,192,192,10,9696.0
640,192,288,10,16111.0
640,192,384,10,20952.0
640,192,480,10,25848.0
640,192,576,10,30668.0
640,192,672,10,35569.0
640,192,768,10,40427.0
640,192,864,10,45323.0
640,288,32,10,3907.0
640,288,96,10,7891.0
640,288,192,10,13646.0
640,288,288,10,23295.0
640,288,384,10,30615.0
640,288,480,10,37910.0
640,288,576,10,45118.0
640,288,672,10,52396.0
640,288,768,10,59734.0
640,288,864,10,102133.0
640,384,32,10,4732.0
640,384,96,10,9898.0
640,384,192,10,17557.0
640,384,288,10,30489.0
640,384,384,10,40213.0
640,384,480,10,49758.0
640,384,576,10,59597.0
640,384,672,10,105479.0
640,480,32,10,5537.0
640,480,96,10,11958.0
640,480,192,10,21476.0
640,480,288,10,37745.0
640,480,384,10,49726.0
640,480,480,10,61808.0
640,576,32,10,6267.0
640,576,96,10,14017.0
640,576,192,10,25393.0
640,576,288,10,44961.0
640,576,384,10,59420.0
640,576,480,10,113034.0
640,672,32,10,7119.0
640,672,96,10,16072.0
640,672,192,10,29308.0
640,672,288,10,52123.0
640,768,32,10,7879.0
640,768,96,10,18165.0
640,768,192,10,33299.0
640,768,288,10,59030.0
640,864,32,10,8709.0
640,864,96,10,20183.0
640,864,192,10,37183.0
640,864,288,10,101797.0
960,32,32,10,1966.0
960,32,96,10,2572.0
960,32,192,10,3528.0
960,32,288,10,5540.0
960,32,384,10,6853.0
960,32,480,10,8293.0
960,32,576,10,9552.0
960,32,672,10,10907.0
960,32,768,10,12283.0
960,32,864,10,13533.0
960,96,32,10,2554.0
960,96,96,10,4162.0
960,96,192,10,6542.0
960,96,288,10,10757.0
960,96,384,10,13694.0
960,96,480,10,17239.0
960,96,576,10,19961.0
960,96,672,10,23073.0
960,96,768,10,26183.0
960,96,864,10,29693.0
960,192,32,10,3495.0
960,192,96,10,6594.0
960,192,192,10,11194.0
960,192,288,10,19740.0
960,192,384,10,25788.0
960,192,480,10,31875.0
960,192,576,10,37914.0
960,192,672,10,44000.0
960,192,768,10,50064.0
960,192,864,10,56125.0
960,288,32,10,4499.0
960,288,96,10,9078.0
960,288,192,10,15904.0
960,288,288,10,28669.0
960,288,384,10,37738.0
960,288,480,10,46882.0
960,288,576,10,55894.0
960,288,672,10,64604.0
960,384,32,10,5490.0
960,384,96,10,11556.0
960,384,192,10,20577.0
960,384,288,10,37599.0
960,384,384,10,49685.0
960,384,480,10,61721.0
960,480,32,10,6476.0
960,480,96,10,14068.0
960,480,192,10,25177.0
960,480,288,10,46583.0
960,480,384,10,61275.0
960,576,32,10,7468.0
960,576,96,10,16548.0
960,576,192,10,29818.0
960,576,288,10,55555.0
960,672,32,10,8479.0
960,672,96,10,18991.0
960,672,192,10,34500.0
960,672,288,10,64500.0
960,768,32,10,9503.0
960,768,96,10,21487.0
960,768,192,10,39147.0
960,864,32,10,10436.0
960,864,96,10,23928.0
960,864,192,10,43822.0
1280,32,32,10,2073.0
1280,32,96,10,2730.0
1280,32,192,10,3749.0
1280,32,288,10,6463.0
1280,32,384,10,8129.0
1280,32,480,10,9779.0
1280,32,576,10,11364.0
1280,32,672,10,12964.0
1280,32,768,10,14705.0
1280,32,864,10,16312.0
1280,96,32,10,2745.0
1280,96,96,10,4596.0
1280,96,192,10,7328.0
1280,96,288,10,12567.0
1280,96,384,10,16558.0
1280,96,480,10,20327.0
1280,96,576,10,23675.0
1280,96,672,10,27412.0
1280,96,768,10,31629.0
1280,96,864,10,34536.0
1280,192,32,10,3946.0
1280,192,96,10,7506.0
1280,192,192,10,12740.0
1280,192,288,10,23312.0
1280,192,384,10,30603.0
1280,192,480,10,37911.0
1280,192,576,10,45150.0
1280,192,672,10,52420.0
1280,192,768,10,59614.0
1280,192,864,10,91401.0
1280,288,32,10,5085.0
1280,288,96,10,10406.0
1280,288,192,10,18091.0
1280,288,288,10,34071.0
1280,288,384,10,44827.0
1280,288,480,10,56046.0
1280,288,576,10,66273.0
1280,288,672,10,105760.0
1280,384,32,10,6288.0
1280,384,96,10,13224.0
1280,384,192,10,23481.0
1280,384,288,10,44615.0
1280,384,384,10,58957.0
1280,384,480,10,100540.0
1280,480,32,10,7504.0
1280,480,96,10,16158.0
1280,480,192,10,28909.0
1280,480,288,10,55452.0
1280,576,32,10,8695.0
1280,576,96,10,19066.0
1280,576,192,10,34298.0
1280,576,288,10,66184.0
1280,672,32,10,9829.0
1280,672,96,10,21924.0
1280,672,192,10,39671.0
1280,672,288,10,105550.0
1280,768,32,10,10999.0
1280,768,96,10,24797.0
1280,768,192,10,45045.0
1280,864,32,10,12163.0
1280,864,96,10,27691.0
1280,32,32,20,1873.0
1280,32,96,20,2581.0
1280,32,192,20,3235.0
1280,32,288,20,4688.0
1280,32,384,20,5685.0
1280,32,480,20,6720.0
1280,32,576,20,7751.0
1280,32,672,20,8755.0
1280,32,768,20,9804.0
1280,32,864,20,10803.0
1280,96,32,20,2389.0
1280,96,96,20,3809.0
1280,96,192,20,5797.0
1280,96,288,20,8958.0
1280,96,384,20,11497.0
1280,96,480,20,13933.0
1280,96,576,20,16606.0
1280,96,672,20,19032.0
1280,96,768,20,21552.0
1280,96,864,20,23727.0
1280,192,32,20,3192.0
1280,192,96,20,5813.0
1280,192,192,20,9790.0
1280,192,288,20,16244.0
1280,192,384,20,20992.0
1280,192,480,20,25912.0
1280,192,576,20,30729.0
1280,192,672,20,35639.0
1280,192,768,20,40535.0
1280,192,864,20,45355.0
1280,288,32,20,3977.0
1280,288,96,20,7882.0
1280,288,192,20,13676.0
1280,288,288,20,23346.0
1280,288,384,20,30582.0
1280,288,480,20,38010.0
1280,288,576,20,45151.0
1280,288,672,20,52408.0
1280,288,768,20,59766.0
1280,288,864,20,102278.0
1280,384,32,20,4835.0
1280,384,96,20,9939.0
1280,384,192,20,17578.0
1280,384,288,20,30540.0
1280,384,384,20,40264.0
1280,384,480,20,49848.0
1280,384,576,20,59597.0
1280,384,672,20,105309.0
1280,480,32,20,5551.0
1280,480,96,20,12085.0
1280,480,192,20,21520.0
1280,480,288,20,37719.0
1280,480,384,20,49764.0
1280,480,480,20,61805.0
1280,576,32,20,6328.0
1280,576,96,20,14088.0
1280,576,192,20,25452.0
1280,576,288,20,44984.0
1280,576,384,20,59460.0
1280,576,480,20,113067.0
1280,672,32,20,7128.0
1280,672,96,20,16161.0
1280,672,192,20,29370.0
1280,672,288,20,52191.0
1280,768,32,20,7923.0
1280,768,96,20,18251.0
1280,768,192,20,33335.0
1280,768,288,20,59096.0
1280,864,32,20,8744.0
1280,864,96,20,20261.0
1280,864,192,20,37293.0
1280,864,288,20,101785.0
1600,32,32,10,2211.0
1600,32,96,10,2919.0
1600,32,192,10,4169.0
1600,32,288,10,7393.0
1600,32,384,10,9422.0
1600,32,480,10,11371.0
1600,32,576,10,13219.0
1600,32,672,10,15167.0
1600,32,768,10,17138.0
1600,32,864,10,19088.0
1600,96,32,10,2955.0
1600,96,96,10,5016.0
1600,96,192,10,8127.0
1600,96,288,10,14747.0
1600,96,384,10,18744.0
1600,96,480,10,23521.0
1600,96,576,10,27868.0
1600,96,672,10,31666.0
1600,96,768,10,35976.0
1600,96,864,10,40316.0
1600,192,32,10,4378.0
1600,192,96,10,8320.0
1600,192,192,10,14286.0
1600,192,288,10,26929.0
1600,192,384,10,35368.0
1600,192,480,10,43931.0
1600,192,576,10,52413.0
1600,192,672,10,60854.0
1600,288,32,10,5782.0
1600,288,96,10,11608.0
1600,288,192,10,20358.0
1600,288,288,10,39435.0
1600,288,384,10,51976.0
1600,288,480,10,64618.0
1600,384,32,10,7093.0
1600,384,96,10,14897.0
1600,384,192,10,26456.0
1600,384,288,10,51857.0
1600,384,384,10,68407.0
1600,480,32,10,8480.0
1600,480,96,10,18221.0
1600,480,192,10,32605.0
1600,480,288,10,64339.0
1600,576,32,10,9781.0
1600,576,96,10,21550.0
1600,576,192,10,38733.0
1600,672,32,10,11170.0
1600,672,96,10,24850.0
1600,672,192,10,44839.0
1600,768,32,10,12671.0
1600,768,96,10,28179.0
1600,864,32,10,13923.0
1600,864,96,10,31518.0
1920,32,32,10,2285.0
1920,32,96,10,3087.0
1920,32,192,10,4404.0
1920,32,288,10,8293.0
1920,32,384,10,10726.0
1920,32,480,10,12826.0
1920,32,576,10,15066.0
1920,32,672,10,17294.0
1920,32,768,10,19569.0
1920,32,864,10,21848.0
1920,96,32,10,3117.0
1920,96,96,10,5416.0
1920,96,192,10,8901.0
1920,96,288,10,16561.0
1920,96,384,10,21635.0
1920,96,480,10,26160.0
1920,96,576,10,31698.0
1920,96,672,10,35907.0
1920,96,768,10,40889.0
1920,96,864,10,59428.0
1920,192,32,10,4735.0
1920,192,96,10,9167.0
1920,192,192,10,15769.0
1920,192,288,10,30572.0
1920,192,384,10,40284.0
1920,192,480,10,49857.0
1920,192,576,10,59469.0
1920,192,672,10,89040.0
1920,288,32,10,6256.0
1920,288,96,10,12898.0
1920,288,192,10,22579.0
1920,288,288,10,44754.0
1920,288,384,10,59362.0
1920,288,480,10,95136.0
1920,384,32,10,7868.0
1920,384,96,10,16588.0
1920,384,192,10,29452.0
1920,384,288,10,58936.0
1920,480,32,10,9389.0
1920,480,96,10,20328.0
1920,480,192,10,36321.0
1920,480,288,10,94775.0
1920,576,32,10,10945.0
1920,576,96,10,24038.0
1920,576,192,10,43209.0
1920,576,288,10,112936.0
1920,672,32,10,12539.0
1920,672,96,10,27769.0
1920,672,192,10,67815.0
1920,768,32,10,14128.0
1920,768,96,10,31464.0
1920,768,192,10,77169.0
1920,864,32,10,15799.0
1920,864,96,10,46992.0
1920,864,192,10,108914.0
1920,32,32,20,1974.0
1920,32,96,20,2619.0
1920,32,192,20,3501.0
1920,32,288,20,5597.0
1920,32,384,20,6859.0
1920,32,480,20,8404.0
1920,32,576,20,9568.0
1920,32,672,20,10963.0
1920,32,768,20,12328.0
1920,32,864,20,13547.0
1920,96,32,20,2607.0
1920,96,96,20,4150.0
1920,96,192,20,6576.0
1920,96,288,20,10839.0
1920,96,384,20,14097.0
1920,96,480,20,17167.0
1920,96,576,20,20271.0
1920,96,672,20,23447.0
1920,96,768,20,26602.0
1920,96,864,20,29721.0
1920,192,32,20,3528.0
1920,192,96,20,6641.0
1920,192,192,20,11275.0
1920,192,288,20,19730.0
1920,192,384,20,26036.0
1920,192,480,20,31902.0
1920,192,576,20,37977.0
1920,192,672,20,44043.0
1920,192,768,20,50148.0
1920,192,864,20,56152.0
1920,288,32,20,4591.0
1920,288,96,20,9121.0
1920,288,192,20,15935.0
1920,288,288,20,28695.0
1920,288,384,20,37793.0
1920,288,480,20,46803.0
1920,288,576,20,55847.0
1920,288,672,20,64724.0
1920,384,32,20,5517.0
1920,384,96,20,11597.0
1920,384,192,20,20557.0
1920,384,288,20,37703.0
1920,384,384,20,49725.0
1920,384,480,20,61748.0
1920,480,32,20,6548.0
1920,480,96,20,14123.0
1920,480,192,20,25222.0
1920,480,288,20,46648.0
1920,480,384,20,61553.0
1920,576,32,20,7495.0
1920,576,96,20,16565.0
1920,576,192,20,29934.0
1920,576,288,20,55588.0
1920,672,32,20,8521.0
1920,672,96,20,19035.0
1920,672,192,20,34559.0
1920,672,288,20,64478.0
1920,768,32,20,9488.0
1920,768,96,20,21524.0
1920,768,192,20,39222.0
1920,864,32,20,10463.0
1920,864,96,20,23962.0
1920,864,192,20,43934.0
1920,32,32,30,1896.0
1920,32,96,30,2475.0
1920,32,192,30,3230.0
1920,32,288,30,4709.0
1920,32,384,30,5773.0
1920,32,480,30,6766.0
1920,32,576,30,7817.0
1920,32,672,30,8853.0
1920,32,768,30,9916.0
1920,32,864,30,10873.0
1920,96,32,30,2412.0
1920,96,96,30,3780.0
1920,96,192,30,5852.0
1920,96,288,30,9120.0
1920,96,384,30,11635.0
1920,96,480,30,14029.0
1920,96,576,30,16747.0
1920,96,672,30,19000.0
1920,96,768,30,21768.0
1920,96,864,30,23994.0
1920,192,32,30,3244.0
1920,192,96,30,5949.0
1920,192,192,30,9878.0
1920,192,288,30,16394.0
1920,192,384,30,21296.0
1920,192,480,30,26182.0
1920,192,576,30,31012.0
1920,192,672,30,36102.0
1920,192,768,30,40857.0
1920,192,864,30,45887.0
1920,288,32,30,4019.0
1920,288,96,30,8015.0
1920,288,192,30,13834.0
1920,288,288,30,23576.0
1920,288,384,30,30915.0
1920,288,480,30,38257.0
1920,288,576,30,45764.0
1920,288,672,30,52912.0
1920,288,768,30,60214.0
1920,288,864,30,103598.0
1920,384,32,30,4834.0
1920,384,96,30,10043.0
1920,384,192,30,17816.0
1920,384,288,30,30834.0
1920,384,384,30,40579.0
1920,384,480,30,50261.0
1920,384,576,30,60081.0
1920,384,672,30,107236.0
1920,480,32,30,5618.0
1920,480,96,30,12107.0
1920,480,192,30,21828.0
1920,480,288,30,38034.0
1920,480,384,30,50201.0
1920,480,480,30,62613.0
1920,576,32,30,6384.0
1920,576,96,30,14240.0
1920,576,192,30,25712.0
1920,576,288,30,45389.0
1920,576,384,30,59952.0
1920,576,480,30,114484.0
1920,672,32,30,7201.0
1920,672,96,30,16342.0
1920,672,192,30,29688.0
1920,672,288,30,52651.0
1920,768,32,30,7998.0
1920,768,96,30,18360.0
1920,768,192,30,33648.0
1920,768,288,30,59629.0
1920,864,32,30,8854.0
1920,864,96,30,20535.0
1920,864,192,30,37602.0
1920,864,288,30,103272.0
2240,32,32,10,2371.0
2240,32,96,10,3440.0
2240,32,192,10,4701.0
2240,32,288,10,9325.0
2240,32,384,10,11962.0
2240,32,480,10,14435.0
2240,32,576,10,16953.0
2240,32,672,10,19417.0
2240,32,768,10,22060.0
2240,32,864,10,24711.0
2240,96,32,10,3364.0
2240,96,96,10,5904.0
2240,96,192,10,9682.0
2240,96,288,10,18524.0
2240,96,384,10,23635.0
2240,96,480,10,29063.0
2240,96,576,10,35398.0
2240,96,672,10,41159.0
2240,192,32,10,5082.0
2240,192,96,10,10045.0
2240,192,192,10,17283.0
2240,192,288,10,34139.0
2240,192,384,10,45011.0
2240,192,480,10,56109.0
2240,288,32,10,6907.0
2240,288,96,10,14142.0
2240,288,192,10,24808.0
2240,288,288,10,49785.0
2240,288,384,10,66284.0
2240,384,32,10,8670.0
2240,384,96,10,18257.0
2240,384,192,10,32404.0
2240,384,288,10,65814.0
2240,480,32,10,10439.0
2240,480,96,10,22441.0
2240,480,192,10,40006.0
2240,576,32,10,12132.0
2240,576,96,10,26518.0
2240,672,32,10,13883.0
2240,672,96,10,30700.0
2240,768,32,10,15635.0
2240,864,32,10,17475.0
2560,32,32,10,2493.0
2560,32,96,10,3442.0
2560,32,192,10,5008.0
2560,32,288,10,10291.0
2560,32,384,10,12973.0
2560,32,480,10,15981.0
2560,32,576,10,18756.0
2560,32,672,10,21638.0
2560,32,768,10,24545.0
2560,32,864,10,31202.0
2560,96,32,10,3540.0
2560,96,96,10,6331.0
2560,96,192,10,10469.0
2560,96,288,10,20068.0
2560,96,384,10,26717.0
2560,96,480,10,32901.0
2560,96,576,10,38191.0
2560,96,672,10,54110.0
2560,96,864,10,69798.0
2560,192,32,10,5539.0
2560,192,96,10,10861.0
2560,192,192,10,18725.0
2560,192,288,10,37725.0
2560,192,384,10,49775.0
2560,192,480,10,76449.0
2560,288,32,10,7460.0
2560,288,96,10,15357.0
2560,288,192,10,27104.0
2560,288,288,10,55150.0
2560,288,480,10,113180.0
2560,384,32,10,9377.0
2560,384,96,10,19978.0
2560,384,192,10,35414.0
2560,384,288,10,90912.0
2560,480,32,10,11441.0
2560,480,96,10,24457.0
2560,480,192,10,56506.0
2560,480,288,10,112961.0
2560,576,32,10,13306.0
2560,576,96,10,29052.0
2560,576,192,10,67315.0
2560,672,32,10,15338.0
2560,672,96,10,42875.0
2560,768,32,10,17293.0
2560,768,96,10,48703.0
2560,864,32,10,23878.0
2560,864,96,10,54682.0
2560,32,32,20,2101.0
2560,32,96,20,2743.0
2560,32,192,20,3802.0
2560,32,288,20,6465.0
2560,32,384,20,8202.0
2560,32,480,20,9817.0
2560,32,576,20,11385.0
2560,32,672,20,13021.0
2560,32,768,20,14700.0
2560,32,864,20,16320.0
2560,96,32,20,2770.0
2560,96,96,20,4666.0
2560,96,192,20,7362.0
2560,96,288,20,12664.0
2560,96,384,20,16550.0
2560,96,480,20,20363.0
2560,96,576,20,23691.0
2560,96,672,20,27552.0
2560,96,768,20,31642.0
2560,96,864,20,34324.0
2560,192,32,20,4044.0
2560,192,96,20,7508.0
2560,192,192,20,12779.0
2560,192,288,20,23367.0
2560,192,384,20,30662.0
2560,192,480,20,37996.0
2560,192,576,20,45171.0
2560,192,672,20,52412.0
2560,192,768,20,59686.0
2560,192,864,20,91529.0
2560,288,32,20,5172.0
2560,288,96,20,10397.0
2560,288,192,20,18194.0
2560,288,288,20,34125.0
2560,288,384,20,44898.0
2560,288,480,20,56220.0
2560,288,576,20,66424.0
2560,288,672,20,105916.0
2560,384,32,20,6310.0
2560,384,96,20,13253.0
2560,384,192,20,23496.0
2560,384,288,20,44677.0
2560,384,384,20,59024.0
2560,384,480,20,100913.0
2560,480,32,20,7516.0
2560,480,96,20,16140.0
2560,480,192,20,28940.0
2560,480,288,20,55466.0
2560,576,32,20,8666.0
2560,576,96,20,19034.0
2560,576,192,20,34347.0
2560,576,288,20,66212.0
2560,672,32,20,9819.0
2560,672,96,20,21973.0
2560,672,192,20,39712.0
2560,672,288,20,105762.0
2560,768,32,20,11082.0
2560,768,96,20,24845.0
2560,768,192,20,45113.0
2560,864,32,20,12249.0
2560,864,96,20,27754.0
2560,32,32,40,1928.0
2560,32,96,40,2575.0
2560,32,192,40,3324.0
2560,32,288,40,4757.0
2560,32,384,40,5825.0
2560,32,480,40,6838.0
2560,32,576,40,7840.0
2560,32,672,40,8944.0
2560,32,768,40,9961.0
2560,32,864,40,11021.0
2560,96,32,40,2602.0
2560,96,96,40,3880.0
2560,96,192,40,5989.0
2560,96,288,40,9165.0
2560,96,384,40,11668.0
2560,96,480,40,14125.0
2560,96,576,40,16807.0
2560,96,672,40,19242.0
2560,96,768,40,21881.0
2560,96,864,40,24375.0
2560,192,32,40,3282.0
2560,192,96,40,5986.0
2560,192,192,40,9982.0
2560,192,288,40,16460.0
2560,192,384,40,21410.0
2560,192,480,40,26365.0
2560,192,576,40,31359.0
2560,192,672,40,36298.0
2560,192,768,40,41252.0
2560,192,864,40,46097.0
2560,288,32,40,4048.0
2560,288,96,40,8030.0
2560,288,192,40,14003.0
2560,288,288,40,23755.0
2560,288,384,40,31164.0
2560,288,480,40,38626.0
2560,288,576,40,45995.0
2560,288,672,40,53313.0
2560,288,768,40,60766.0
2560,288,864,40,104671.0
2560,384,32,40,4856.0
2560,384,96,40,10134.0
2560,384,192,40,17957.0
2560,384,288,40,31095.0
2560,384,384,40,40942.0
2560,384,480,40,50695.0
2560,384,576,40,60615.0
2560,384,672,40,108106.0
2560,480,32,40,5676.0
2560,480,96,40,12265.0
2560,480,192,40,22004.0
2560,480,288,40,38397.0
2560,480,384,40,50581.0
2560,480,480,40,62945.0
2560,576,32,40,6517.0
2560,576,96,40,14390.0
2560,576,192,40,25974.0
2560,576,288,40,45745.0
2560,576,384,40,60497.0
2560,576,480,40,115778.0
2560,672,32,40,7286.0
2560,672,96,40,16452.0
2560,672,192,40,30024.0
2560,672,288,40,53152.0
2560,768,32,40,8081.0
2560,768,96,40,18602.0
2560,768,192,40,33997.0
2560,768,288,40,60093.0
2560,864,32,40,8960.0
2560,864,96,40,20703.0
2560,864,192,40,38075.0
2560,864,288,40,104303.0
2880,32,32,10,2738.0
2880,32,96,10,3647.0
2880,32,192,10,5213.0
2880,32,288,10,11002.0
2880,32,384,10,14376.0
2880,32,480,10,17633.0
2880,32,576,10,20689.0
2880,32,672,10,23798.0
2880,96,32,10,3814.0
2880,96,96,10,6732.0
2880,96,192,10,11257.0
2880,96,288,10,22157.0
2880,96,384,10,28620.0
2880,96,480,10,35364.0
2880,96,576,10,42437.0
2880,192,32,10,5921.0
2880,192,96,10,11710.0
2880,192,192,10,20289.0
2880,192,288,10,41364.0
2880,192,384,10,54573.0
2880,288,32,10,8099.0
2880,288,96,10,16648.0
2880,288,192,10,29346.0
2880,288,288,10,61033.0
2880,384,32,10,10231.0
2880,384,96,10,21607.0
2880,384,192,10,38386.0
2880,384,288,10,112151.0
2880,480,32,10,12401.0
2880,480,96,10,26553.0
2880,480,288,10,139993.0
2880,576,32,10,14421.0
2880,576,96,10,31572.0
2880,576,192,10,86625.0
2880,672,32,10,16706.0
2880,672,96,10,54477.0
2880,672,192,10,100900.0
2880,768,32,10,26322.0
2880,768,96,10,61923.0
2880,864,32,10,29399.0
2880,864,96,10,69848.0
2880,32,32,30,2035.0
2880,32,96,30,2596.0
2880,32,192,30,3542.0
2880,32,288,30,5661.0
2880,32,384,30,6976.0
2880,32,480,30,8408.0
2880,32,576,30,9663.0
2880,32,672,30,11053.0
2880,32,768,30,12344.0
2880,32,864,30,13669.0
2880,96,32,30,2622.0
2880,96,96,30,4205.0
2880,96,192,30,6690.0
2880,96,288,30,10878.0
2880,96,384,30,14144.0
2880,96,480,30,17424.0
2880,96,576,30,20457.0
2880,96,672,30,23587.0
2880,96,768,30,26703.0
2880,96,864,30,29894.0
2880,192,32,30,3596.0
2880,192,96,30,6818.0
2880,192,192,30,11371.0
2880,192,288,30,19900.0
2880,192,384,30,26110.0
2880,192,480,30,32196.0
2880,192,576,30,38308.0
2880,192,672,30,44485.0
2880,192,768,30,50619.0
2880,192,864,30,56639.0
2880,288,32,30,4618.0
2880,288,96,30,9228.0
2880,288,192,30,16104.0
2880,288,288,30,28990.0
2880,288,384,30,38105.0
2880,288,480,30,47320.0
2880,288,576,30,56441.0
2880,288,672,30,65125.0
2880,384,32,30,5590.0
2880,384,96,30,11699.0
2880,384,192,30,20741.0
2880,384,288,30,37862.0
2880,384,384,30,50094.0
2880,384,480,30,62178.0
2880,480,32,30,6617.0
2880,480,96,30,14264.0
2880,480,192,30,25414.0
2880,480,288,30,47100.0
2880,480,384,30,61892.0
2880,576,32,30,7548.0
2880,576,96,30,16714.0
2880,576,192,30,30129.0
2880,576,288,30,55961.0
2880,672,32,30,8599.0
2880,672,96,30,19191.0
2880,672,192,30,34841.0
2880,672,288,30,64963.0
2880,768,32,30,9624.0
2880,768,96,30,21694.0
2880,768,192,30,39578.0
2880,864,32,30,10577.0
2880,864,96,30,24178.0
2880,864,192,30,44306.0
3200,32,32,10,2786.0
3200,32,96,10,3817.0
3200,32,192,10,5611.0
3200,32,288,10,12075.0
3200,32,384,10,15575.0
3200,32,480,10,19360.0
3200,32,576,10,22431.0
3200,32,672,10,29033.0
3200,32,864,10,36671.0
3200,96,32,10,4011.0
3200,96,96,10,7191.0
3200,96,192,10,12020.0
3200,96,288,10,23996.0
3200,96,384,10,31533.0
3200,96,480,10,39236.0
3200,96,672,10,64381.0
3200,192,32,10,6327.0
3200,192,96,10,12545.0
3200,192,192,10,21801.0
3200,192,288,10,44928.0
3200,192,480,10,88870.0
3200,288,32,10,8631.0
3200,288,96,10,17969.0
3200,288,192,10,31586.0
3200,288,288,10,80744.0
3200,384,32,10,11020.0
3200,384,96,10,23242.0
3200,384,192,10,51581.0
3200,384,288,10,105507.0
3200,480,32,10,13393.0
3200,480,96,10,28713.0
3200,480,192,10,64051.0
3200,480,288,10,185494.0
3200,576,32,10,15623.0
3200,576,96,10,42171.0
3200,672,32,10,21984.0
3200,672,96,10,48767.0
3200,768,32,10,24544.0
3200,768,96,10,85390.0
3200,864,32,10,27588.0
3200,864,96,10,96451.0
3200,32,32,20,2216.0
3200,32,96,20,2915.0
3200,32,192,20,4159.0
3200,32,288,20,7434.0
3200,32,384,20,9451.0
3200,32,480,20,11418.0
3200,32,576,20,13288.0
3200,32,672,20,15156.0
3200,32,768,20,17171.0
3200,32,864,20,19146.0
3200,96,32,20,2998.0
3200,96,96,20,5049.0
3200,96,192,20,8178.0
3200,96,288,20,14526.0
3200,96,384,20,19165.0
3200,96,480,20,23564.0
3200,96,576,20,27381.0
3200,96,672,20,31692.0
3200,96,768,20,35998.0
3200,96,864,20,41044.0
3200,192,32,20,4391.0
3200,192,96,20,8327.0
3200,192,192,20,14279.0
3200,192,288,20,27010.0
3200,192,384,20,35491.0
3200,192,480,20,44016.0
3200,192,576,20,52430.0
3200,192,672,20,61004.0
3200,288,32,20,5705.0
3200,288,96,20,11717.0
3200,288,192,20,20367.0
3200,288,288,20,39425.0
3200,288,384,20,52075.0
3200,288,480,20,64718.0
3200,384,32,20,7124.0
3200,384,96,20,14942.0
3200,384,192,20,26502.0
3200,384,288,20,51841.0
3200,384,384,20,68411.0
3200,480,32,20,8524.0
3200,480,96,20,18221.0
3200,480,192,20,32709.0
3200,480,288,20,64331.0
3200,576,32,20,9847.0
3200,576,96,20,21621.0
3200,576,192,20,38799.0
3200,672,32,20,11251.0
3200,672,96,20,24863.0
3200,672,192,20,44885.0
3200,768,32,20,12653.0
3200,768,96,20,28177.0
3200,864,32,20,13956.0
3200,864,96,20,31481.0
3520,32,32,10,2825.0
3520,32,96,10,3956.0
3520,32,192,10,5807.0
3520,32,288,10,12949.0
3520,32,384,10,16658.0
3520,32,480,10,20688.0
3520,32,576,10,24317.0
3520,96,32,10,4159.0
3520,96,96,10,7677.0
3520,96,192,10,12786.0
3520,96,288,10,26310.0
3520,96,384,10,33496.0
3520,192,32,10,6713.0
3520,192,96,10,13440.0
3520,192,192,10,23365.0
3520,192,288,10,48495.0
3520,288,32,10,9243.0
3520,288,96,10,19150.0
3520,288,192,10,33819.0
3520,384,32,10,11765.0
3520,384,96,10,24906.0
3520,480,32,10,14331.0
3520,576,32,10,16795.0
3520,576,96,10,114055.0
3520,576,192,10,215358.0
3520,576,288,10,366238.0
3520,672,32,10,52154.0
3520,672,96,10,131439.0
3520,672,192,10,251476.0
3520,768,32,10,57360.0
3520,768,96,10,149074.0
3520,768,192,10,285672.0
3520,864,32,10,64453.0
3520,864,96,10,169011.0
3840,32,32,10,2937.0
3840,32,96,10,4064.0
3840,32,192,10,6265.0
3840,32,288,10,13929.0
3840,32,384,10,17760.0
3840,32,480,10,22161.0
3840,32,672,10,33239.0
3840,96,32,10,4336.0
3840,96,96,10,8095.0
3840,96,192,10,13594.0
3840,96,288,10,28097.0
3840,96,384,10,36773.0
3840,96,480,10,51863.0
3840,192,32,10,7102.0
3840,192,96,10,14278.0
3840,192,192,10,24829.0
3840,192,288,10,52104.0
3840,192,384,10,81468.0
3840,288,32,10,9912.0
3840,288,96,10,20494.0
3840,288,192,10,36162.0
3840,288,288,10,91183.0
3840,288,384,10,134247.0
3840,384,32,10,12591.0
3840,384,96,10,26583.0
3840,384,192,10,57628.0
3840,384,288,10,134138.0
3840,480,32,10,15305.0
3840,480,96,10,39706.0
3840,480,192,10,83986.0
3840,576,32,10,21599.0
3840,576,96,10,47325.0
3840,576,192,10,114956.0
3840,672,32,10,24937.0
3840,672,96,10,63476.0
3840,768,32,10,28002.0
3840,768,96,10,82068.0
3840,864,32,10,34903.0
3840,864,96,10,115512.0
3840,32,32,20,2302.0
3840,32,96,20,3134.0
3840,32,192,20,4482.0
3840,32,288,20,8291.0
3840,32,384,20,10833.0
3840,32,480,20,12834.0
3840,32,576,20,15070.0
3840,32,672,20,17336.0
3840,32,768,20,19567.0
3840,32,864,20,21936.0
3840,96,32,20,3169.0
3840,96,96,20,5511.0
3840,96,192,20,8922.0
3840,96,288,20,16345.0
3840,96,384,20,21652.0
3840,96,480,20,26131.0
3840,96,576,20,31743.0
3840,96,672,20,36036.0
3840,96,768,20,40924.0
3840,96,864,20,59238.0
3840,192,32,20,4750.0
3840,192,96,20,9224.0
3840,192,192,20,15817.0
3840,192,288,20,30551.0
3840,192,384,20,40234.0
3840,192,480,20,49949.0
3840,192,576,20,59565.0
3840,192,672,20,88756.0
3840,288,32,20,6324.0
3840,288,96,20,12982.0
3840,288,192,20,22627.0
3840,288,288,20,44728.0
3840,288,384,20,59392.0
3840,288,480,20,95350.0
3840,384,32,20,7943.0
3840,384,96,20,16628.0
3840,384,192,20,29481.0
3840,384,288,20,59009.0
3840,480,32,20,9422.0
3840,480,96,20,20369.0
3840,480,192,20,36364.0
3840,480,288,20,94997.0
3840,576,32,20,11014.0
3840,576,96,20,24159.0
3840,576,192,20,43221.0
3840,576,288,20,113112.0
3840,672,32,20,12591.0
3840,672,96,20,27744.0
3840,672,192,20,67976.0
3840,768,32,20,14257.0
3840,768,96,20,31618.0
3840,768,192,20,77297.0
3840,864,32,20,15817.0
3840,864,96,20,47112.0
3840,864,192,20,109197.0
3840,32,32,30,2098.0
3840,32,96,30,2797.0
3840,32,192,30,3894.0
3840,32,288,30,6518.0
3840,32,384,30,8199.0
3840,32,480,30,9899.0
3840,32,576,30,11502.0
3840,32,672,30,13119.0
3840,32,768,30,14863.0
3840,32,864,30,16423.0
3840,96,32,30,2817.0
3840,96,96,30,4652.0
3840,96,192,30,7396.0
3840,96,288,30,12752.0
3840,96,384,30,16731.0
3840,96,480,30,20487.0
3840,96,576,30,23908.0
3840,96,672,30,27634.0
3840,96,768,30,31844.0
3840,96,864,30,34735.0
3840,192,32,30,4019.0
3840,192,96,30,7625.0
3840,192,192,30,12943.0
3840,192,288,30,23508.0
3840,192,384,30,30845.0
3840,192,480,30,38163.0
3840,192,576,30,45426.0
3840,192,672,30,52788.0
3840,192,768,30,60161.0
3840,192,864,30,92132.0
3840,288,32,30,5158.0
3840,288,96,30,10515.0
3840,288,192,30,18326.0
3840,288,288,30,34314.0
3840,288,384,30,45198.0
3840,288,480,30,56518.0
3840,288,576,30,66730.0
3840,288,672,30,107231.0
3840,384,32,30,6368.0
3840,384,96,30,13387.0
3840,384,192,30,23757.0
3840,384,288,30,44914.0
3840,384,384,30,59396.0
3840,384,480,30,101829.0
3840,480,32,30,7636.0
3840,480,96,30,16311.0
3840,480,192,30,29147.0
3840,480,288,30,55866.0
3840,576,32,30,8813.0
3840,576,96,30,19259.0
3840,576,192,30,34587.0
3840,576,288,30,66587.0
3840,672,32,30,9940.0
3840,672,96,30,22113.0
3840,672,192,30,40071.0
3840,672,288,30,106622.0
3840,768,32,30,11157.0
3840,768,96,30,25035.0
3840,768,192,30,45499.0
3840,864,32,30,12315.0
3840,864,96,30,27959.0
3840,32,32,40,2077.0
3840,32,96,40,2669.0
3840,32,192,40,3608.0
3840,32,288,40,5718.0
3840,32,384,40,7025.0
3840,32,480,40,8460.0
3840,32,576,40,9741.0
3840,32,672,40,11109.0
3840,32,768,40,12459.0
3840,32,864,40,13744.0
3840,96,32,40,2654.0
3840,96,96,40,4286.0
3840,96,192,40,6684.0
3840,96,288,40,10956.0
3840,96,384,40,14259.0
3840,96,480,40,17520.0
3840,96,576,40,20569.0
3840,96,672,40,23790.0
3840,96,768,40,26968.0
3840,96,864,40,30091.0
3840,192,32,40,3630.0
3840,192,96,40,6821.0
3840,192,192,40,11454.0
3840,192,288,40,20078.0
3840,192,384,40,26347.0
3840,192,480,40,32366.0
3840,192,576,40,38554.0
3840,192,672,40,44735.0
3840,192,768,40,50792.0
3840,192,864,40,56986.0
3840,288,32,40,4653.0
3840,288,96,40,9304.0
3840,288,192,40,16254.0
3840,288,288,40,29116.0
3840,288,384,40,38311.0
3840,288,480,40,47487.0
3840,288,576,40,56670.0
3840,288,672,40,65602.0
3840,384,32,40,5661.0
3840,384,96,40,11885.0
3840,384,192,40,21007.0
3840,384,288,40,38218.0
3840,384,384,40,50376.0
3840,384,480,40,62631.0
3840,480,32,40,6658.0
3840,480,96,40,14327.0
3840,480,192,40,25696.0
3840,480,288,40,47338.0
3840,480,384,40,62347.0
3840,576,32,40,7646.0
3840,576,96,40,16895.0
3840,576,192,40,30414.0
3840,576,288,40,56409.0
3840,672,32,40,8635.0
3840,672,96,40,19369.0
3840,672,192,40,35176.0
3840,672,288,40,65458.0
3840,768,32,40,9669.0
3840,768,96,40,21904.0
3840,768,192,40,39932.0
3840,864,32,40,10710.0
3840,864,96,40,24366.0
3840,864,192,40,44640.0
320,32,32,2,2019.0
320,32,96,2,2715.0
320,32,192,2,3879.0
320,32,288,2,7263.0
320,32,384,2,9252.0
320,32,480,2,11198.0
320,32,576,2,13055.0
320,32,672,2,15014.0
320,32,768,2,16962.0
320,32,864,2,18826.0
320,96,32,2,2920.0
320,96,96,2,4840.0
320,96,192,2,7953.0
320,96,288,2,14214.0
320,96,384,2,18331.0
320,96,480,2,22626.0
320,96,576,2,27230.0
320,96,672,2,31489.0
320,96,768,2,35482.0
320,96,864,2,40051.0
320,192,32,2,4156.0
320,192,96,2,8094.0
320,192,192,2,14096.0
320,192,288,2,26739.0
320,192,384,2,35203.0
320,192,480,2,43654.0
320,192,576,2,52119.0
320,192,672,2,60689.0
320,288,32,2,5469.0
320,288,96,2,11426.0
320,288,192,2,20171.0
320,288,288,2,39197.0
320,288,384,2,51803.0
320,288,480,2,64474.0
320,384,32,2,6893.0
320,384,96,2,14679.0
320,384,192,2,26246.0
320,384,288,2,51314.0
320,384,384,2,68183.0
320,480,32,2,8282.0
320,480,96,2,17992.0
320,480,192,2,32427.0
320,480,288,2,64209.0
320,576,32,2,9627.0
320,576,96,2,21354.0
320,576,192,2,38528.0
320,672,32,2,11043.0
320,672,96,2,24623.0
320,672,192,2,44657.0
320,768,32,2,12370.0
320,768,96,2,27958.0
320,864,32,2,13769.0
320,864,96,2,31250.0
320,32,32,3,1845.0
320,32,96,3,2620.0
320,32,192,3,3587.0
320,32,288,3,6275.0
320,32,384,3,7986.0
320,32,480,3,9595.0
320,32,576,3,11202.0
320,32,672,3,12791.0
320,32,768,3,14490.0
320,32,864,3,16050.0
320,96,32,3,2578.0
320,96,96,3,4395.0
320,96,192,3,7140.0
320,96,288,3,12333.0
320,96,384,3,16031.0
320,96,480,3,19810.0
320,96,576,3,23480.0
320,96,672,3,27221.0
320,96,768,3,31294.0
320,96,864,3,34063.0
320,192,32,3,3757.0
320,192,96,3,7289.0
320,192,192,3,12538.0
320,192,288,3,23130.0
320,192,384,3,30437.0
320,192,480,3,37652.0
320,192,576,3,44952.0
320,192,672,3,52186.0
320,192,768,3,59458.0
320,192,864,3,90615.0
320,288,32,3,4910.0
320,288,96,3,10160.0
320,288,192,3,17909.0
320,288,288,3,33923.0
320,288,384,3,44648.0
320,288,480,3,55913.0
320,288,576,3,66091.0
320,288,672,3,105685.0
320,384,32,3,6113.0
320,384,96,3,13099.0
320,384,192,3,23277.0
320,384,288,3,44440.0
320,384,384,3,58653.0
320,384,480,3,100314.0
320,480,32,3,7284.0
320,480,96,3,15910.0
320,480,192,3,28662.0
320,480,288,3,55312.0
320,576,32,3,8471.0
320,576,96,3,18875.0
320,576,192,3,34086.0
320,576,288,3,66012.0
320,672,32,3,9677.0
320,672,96,3,21709.0
320,672,192,3,39503.0
320,672,288,3,105183.0
320,768,32,3,10848.0
320,768,96,3,24645.0
320,768,192,3,44866.0
320,864,32,3,11989.0
320,864,96,3,27493.0
320,32,32,4,1785.0
320,32,96,4,2380.0
320,32,192,4,3286.0
320,32,288,4,5424.0
320,32,384,4,6692.0
320,32,480,4,8100.0
320,32,576,4,9361.0
320,32,672,4,10736.0
320,32,768,4,12080.0
320,32,864,4,13349.0
320,96,32,4,2365.0
320,96,96,4,3982.0
320,96,192,4,6349.0
320,96,288,4,10624.0
320,96,384,4,13601.0
320,96,480,4,16938.0
320,96,576,4,20132.0
320,96,672,4,22892.0
320,96,768,4,26097.0
320,96,864,4,29555.0
320,192,32,4,3301.0
320,192,96,4,6456.0
320,192,192,4,11099.0
320,192,288,4,19541.0
320,192,384,4,25777.0
320,192,480,4,31667.0
320,192,576,4,37778.0
320,192,672,4,43770.0
320,192,768,4,49925.0
320,192,864,4,55905.0
320,288,32,4,4350.0
320,288,96,4,8911.0
320,288,192,4,15740.0
320,288,288,4,28498.0
320,288,384,4,37574.0
320,288,480,4,46613.0
320,288,576,4,55486.0
320,288,672,4,64476.0
320,384,32,4,5344.0
320,384,96,4,11446.0
320,384,192,4,20376.0
320,384,288,4,37442.0
320,384,384,4,49539.0
320,384,480,4,61589.0
320,480,32,4,6369.0
320,480,96,4,13855.0
320,480,192,4,25006.0
320,480,288,4,46431.0
320,480,384,4,61102.0
320,576,32,4,7303.0
320,576,96,4,16387.0
320,576,192,4,29652.0
320,576,288,4,55354.0
320,672,32,4,8340.0
320,672,96,4,18844.0
320,672,192,4,34375.0
320,672,288,4,64321.0
320,768,32,4,9295.0
320,768,96,4,21305.0
320,768,192,4,39044.0
320,864,32,4,10396.0
320,864,96,4,23813.0
320,864,192,4,43646.0
320,32,32,5,1708.0
320,32,96,5,2275.0
320,32,192,5,3066.0
320,32,288,5,4507.0
320,32,384,5,5494.0
320,32,480,5,6559.0
320,32,576,5,7550.0
320,32,672,5,8673.0
320,32,768,5,9723.0
320,32,864,5,10666.0
320,96,32,5,2297.0
320,96,96,5,3636.0
320,96,192,5,5690.0
320,96,288,5,8844.0
320,96,384,5,11406.0
320,96,480,5,13759.0
320,96,576,5,16366.0
320,96,672,5,18676.0
320,96,768,5,21368.0
320,96,864,5,23536.0
320,192,32,5,3003.0
320,192,96,5,5681.0
320,192,192,5,9563.0
320,192,288,5,16030.0
320,192,384,5,20794.0
320,192,480,5,25723.0
320,192,576,5,30612.0
320,192,672,5,35449.0
320,192,768,5,40389.0
320,192,864,5,45195.0
320,288,32,5,3792.0
320,288,96,5,7739.0
320,288,192,5,13476.0
320,288,288,5,23182.0
320,288,384,5,30482.0
320,288,480,5,37749.0
320,288,576,5,44992.0
320,288,672,5,52261.0
320,288,768,5,59550.0
320,288,864,5,102097.0
320,384,32,5,4604.0
320,384,96,5,9797.0
320,384,192,5,17462.0
320,384,288,5,30357.0
320,384,384,5,40091.0
320,384,480,5,49622.0
320,384,576,5,59400.0
320,384,672,5,105283.0
320,480,32,5,5358.0
320,480,96,5,11857.0
320,480,192,5,21390.0
320,480,288,5,37626.0
320,480,384,5,49564.0
320,480,480,5,61629.0
320,576,32,5,6197.0
320,576,96,5,13921.0
320,576,192,5,25279.0
320,576,288,5,44819.0
320,576,384,5,59313.0
320,576,480,5,112491.0
320,672,32,5,6970.0
320,672,96,5,15943.0
320,672,192,5,29222.0
320,672,288,5,51991.0
320,768,32,5,7781.0
320,768,96,5,18037.0
320,768,192,5,33226.0
320,768,288,5,58940.0
320,864,32,5,8608.0
320,864,96,5,20101.0
320,864,192,5,37146.0
320,864,288,5,101580.0
640,32,32,2,2525.0
640,32,96,2,3627.0
640,32,192,2,5511.0
640,32,288,2,11953.0
640,32,384,2,15318.0
640,32,480,2,19157.0
640,32,576,2,22226.0
640,32,672,2,28619.0
640,32,864,2,36202.0
640,96,32,2,3873.0
640,96,96,2,6979.0
640,96,192,2,11832.0
640,96,288,2,23565.0
640,96,384,2,30641.0
640,96,480,2,38076.0
640,96,672,2,64009.0
640,192,32,2,6132.0
640,192,96,2,12362.0
640,192,192,2,21584.0
640,192,288,2,44739.0
640,192,480,2,88990.0
640,288,32,2,8475.0
640,288,96,2,17749.0
640,288,192,2,31354.0
640,288,288,2,80428.0
640,384,32,2,10807.0
640,384,96,2,23016.0
640,384,192,2,51207.0
640,384,288,2,105130.0
640,480,32,2,13106.0
640,480,96,2,28494.0
640,480,192,2,63632.0
640,480,288,2,184364.0
640,576,32,2,15396.0
640,576,96,2,41770.0
640,672,32,2,21641.0
640,672,96,2,48402.0
640,768,32,2,24269.0
640,768,96,2,84521.0
640,864,32,2,27235.0
640,864,96,2,95538.0
640,32,32,3,2197.0
640,32,96,3,3223.0
640,32,192,3,4498.0
640,32,288,3,9189.0
640,32,384,3,11726.0
640,32,480,3,14207.0
640,32,576,3,16765.0
640,32,672,3,19308.0
640,32,768,3,21873.0
640,32,864,3,24372.0
640,96,32,3,3182.0
640,96,96,3,5755.0
640,96,192,3,9558.0
640,96,288,3,18156.0
640,96,384,3,23282.0
640,96,480,3,28955.0
640,96,576,3,35265.0
640,96,672,3,41056.0
640,192,32,3,5018.0
640,192,96,3,9854.0
640,192,192,3,17156.0
640,192,288,3,34005.0
640,192,384,3,44843.0
640,192,480,3,55650.0
640,288,32,3,6692.0
640,288,96,3,13975.0
640,288,192,3,24673.0
640,288,288,3,49637.0
640,288,384,3,66134.0
640,384,32,3,8477.0
640,384,96,3,18086.0
640,384,192,3,32236.0
640,384,288,3,65623.0
640,480,32,3,10247.0
640,480,96,3,22148.0
640,480,192,3,39838.0
640,576,32,3,12008.0
640,576,96,3,26416.0
640,672,32,3,13764.0
640,672,96,3,30495.0
640,768,32,3,15456.0
640,864,32,3,17332.0
640,32,32,4,2018.0
640,32,96,4,2757.0
640,32,192,4,3934.0
640,32,288,4,7234.0
640,32,384,4,9270.0
640,32,480,4,11306.0
640,32,576,4,13119.0
640,32,672,4,15042.0
640,32,768,4,16956.0
640,32,864,4,18844.0
640,96,32,4,2774.0
640,96,96,4,4860.0
640,96,192,4,7953.0
640,96,288,4,14344.0
640,96,384,4,18377.0
640,96,480,4,23301.0
640,96,576,4,27735.0
640,96,672,4,31505.0
640,96,768,4,35812.0
640,96,864,4,40099.0
640,192,32,4,4173.0
640,192,96,4,8123.0
640,192,192,4,14117.0
640,192,288,4,26772.0
640,192,384,4,35205.0
640,192,480,4,43776.0
640,192,576,4,52186.0
640,192,672,4,60596.0
640,288,32,4,5498.0
640,288,96,4,11494.0
640,288,192,4,20189.0
640,288,288,4,39316.0
640,288,384,4,51627.0
640,288,480,4,64508.0
640,384,32,4,6960.0
640,384,96,4,14784.0
640,384,192,4,26301.0
640,384,288,4,51391.0
640,384,384,4,68247.0
640,480,32,4,8373.0
640,480,96,4,18010.0
640,480,192,4,32422.0
640,480,288,4,64201.0
640,576,32,4,9603.0
640,576,96,4,21385.0
640,576,192,4,38556.0
640,672,32,4,11050.0
640,672,96,4,24678.0
640,672,192,4,44675.0
640,768,32,4,12469.0
640,768,96,4,27989.0
640,864,32,4,13716.0
640,864,96,4,31264.0
640,32,32,5,1927.0
640,32,96,5,2605.0
640,32,192,5,3635.0
640,32,288,5,6354.0
640,32,384,5,8004.0
640,32,480,5,9689.0
640,32,576,5,11332.0
640,32,672,5,12890.0
640,32,768,5,14529.0
640,32,864,5,16225.0
640,96,32,5,2622.0
640,96,96,5,4469.0
640,96,192,5,7283.0
640,96,288,5,12373.0
640,96,384,5,16408.0
640,96,480,5,19666.0
640,96,576,5,23515.0
640,96,672,5,27253.0
640,96,768,5,31553.0
640,96,864,5,34197.0
640,192,32,5,3875.0
640,192,96,5,7353.0
640,192,192,5,12660.0
640,192,288,5,23254.0
640,192,384,5,30556.0
640,192,480,5,37817.0
640,192,576,5,44996.0
640,192,672,5,52265.0
640,192,768,5,59587.0
640,192,864,5,90810.0
640,288,32,5,4981.0
640,288,96,5,10264.0
640,288,192,5,17974.0
640,288,288,5,33954.0
640,288,384,5,44592.0
640,288,480,5,55898.0
640,288,576,5,66199.0
640,288,672,5,105478.0
640,384,32,5,6138.0
640,384,96,5,13111.0
640,384,192,5,23362.0
640,384,288,5,44475.0
640,384,384,5,58886.0
640,384,480,5,100432.0
640,480,32,5,7373.0
640,480,96,5,16005.0
640,480,192,5,28760.0
640,480,288,5,55415.0
640,576,32,5,8538.0
640,576,96,5,18928.0
640,576,192,5,34149.0
640,576,288,5,66037.0
640,672,32,5,9728.0
640,672,96,5,21868.0
640,672,192,5,39536.0
640,672,288,5,105288.0
640,768,32,5,10965.0
640,768,96,5,24689.0
640,768,192,5,45002.0
640,864,32,5,12176.0
640,864,96,5,27575.0
640,32,32,7,1912.0
640,32,96,7,2503.0
640,32,192,7,3391.0
640,32,288,7,5484.0
640,32,384,7,6735.0
640,32,480,7,8185.0
640,32,576,7,9458.0
640,32,672,7,10888.0
640,32,768,7,12161.0
640,32,864,7,13467.0
640,96,32,7,2528.0
640,96,96,7,4100.0
640,96,192,7,6451.0
640,96,288,7,10740.0
640,96,384,7,13829.0
640,96,480,7,17042.0
640,96,576,7,19937.0
640,96,672,7,23008.0
640,96,768,7,26088.0
640,96,864,7,29561.0
640,192,32,7,3547.0
640,192,96,7,6557.0
640,192,192,7,11142.0
640,192,288,7,19620.0
640,192,384,7,25849.0
640,192,480,7,31807.0
640,192,576,7,37856.0
640,192,672,7,43917.0
640,192,768,7,49988.0
640,192,864,7,56092.0
640,288,32,7,4469.0
640,288,96,7,9037.0
640,288,192,7,15837.0
640,288,288,7,28577.0
640,288,384,7,37678.0
640,288,480,7,46730.0
640,288,576,7,55734.0
640,288,672,7,64620.0
640,384,32,7,5427.0
640,384,96,7,11533.0
640,384,192,7,20463.0
640,384,288,7,37560.0
640,384,384,7,49590.0
640,384,480,7,61640.0
640,480,32,7,6477.0
640,480,96,7,13988.0
640,480,192,7,25122.0
640,480,288,7,46456.0
640,480,384,7,61347.0
640,576,32,7,7405.0
640,576,96,7,16455.0
640,576,192,7,29786.0
640,576,288,7,55521.0
640,672,32,7,8467.0
640,672,96,7,18945.0
640,672,192,7,34463.0
640,672,288,7,64371.0
640,768,32,7,9408.0
640,768,96,7,21423.0
640,768,192,7,39099.0
640,864,32,7,10413.0
640,864,96,7,23870.0
640,864,192,7,43740.0
960,32,32,2,3023.0
960,32,96,2,4410.0
960,32,192,2,6910.0
960,32,288,2,16529.0
960,32,384,2,21497.0
960,32,480,2,30253.0
960,32,864,2,60705.0
960,96,32,2,4762.0
960,96,96,2,9220.0
960,96,192,2,15710.0
960,96,288,2,33519.0
960,96,480,2,68429.0
960,96,672,2,111008.0
960,192,32,2,8115.0
960,192,96,2,16649.0
960,192,192,2,29226.0
960,192,288,2,79199.0
960,192,384,2,104878.0
960,192,480,2,154969.0
960,288,32,2,11482.0
960,288,96,2,23970.0
960,288,288,2,117703.0
960,288,384,2,184338.0
960,384,32,2,14780.0
960,384,96,2,41661.0
960,384,192,2,75969.0
960,384,288,2,183614.0
960,480,32,2,22774.0
960,480,96,2,51965.0
960,480,192,2,119465.0
960,576,32,2,27192.0
960,576,96,2,61865.0
960,672,32,2,31488.0
960,672,96,2,88943.0
960,768,32,2,35511.0
960,864,32,2,46923.0
960,32,32,3,2533.0
960,32,96,3,3672.0
960,32,192,3,5418.0
960,32,288,3,11805.0
960,32,384,3,15350.0
960,32,480,3,19231.0
960,32,576,3,22265.0
960,32,672,3,28782.0
960,32,864,3,36239.0
960,96,32,3,3781.0
960,96,96,3,7030.0
960,96,192,3,11780.0
960,96,288,3,23821.0
960,96,384,3,31444.0
960,96,480,3,38079.0
960,96,672,3,64436.0
960,192,32,3,6117.0
960,192,96,3,12376.0
960,192,192,3,21629.0
960,192,288,3,44731.0
960,192,480,3,88737.0
960,288,32,3,8449.0
960,288,96,3,17826.0
960,288,192,3,31392.0
960,288,288,3,80115.0
960,384,32,3,10765.0
960,384,96,3,23053.0
960,384,192,3,51275.0
960,384,288,3,105270.0
960,480,32,3,13191.0
960,480,96,3,28495.0
960,480,192,3,63757.0
960,480,288,3,184407.0
960,576,32,3,15424.0
960,576,96,3,41922.0
960,672,32,3,21666.0
960,672,96,3,48398.0
960,768,32,3,24263.0
960,768,96,3,84438.0
960,864,32,3,27233.0
960,864,96,3,95699.0
960,32,32,4,2335.0
960,32,96,4,3271.0
960,32,192,4,4789.0
960,32,288,4,10113.0
960,32,384,4,12886.0
960,32,480,4,15852.0
960,32,576,4,18612.0
960,32,672,4,21495.0
960,32,768,4,24399.0
960,32,864,4,30867.0
960,96,32,4,3385.0
960,96,96,4,6115.0
960,96,192,4,10315.0
960,96,288,4,19646.0
960,96,384,4,26572.0
960,96,480,4,31892.0
960,96,576,4,38731.0
960,96,672,4,54306.0
960,96,864,4,68914.0
960,192,32,4,5348.0
960,192,96,4,10689.0
960,192,192,4,18558.0
960,192,288,4,37603.0
960,192,384,4,49602.0
960,192,480,4,76206.0
960,288,32,4,7376.0
960,288,96,4,15234.0
960,288,192,4,26924.0
960,288,288,4,55073.0
960,288,480,4,112733.0
960,384,32,4,9268.0
960,384,96,4,19759.0
960,384,192,4,35214.0
960,384,288,4,90498.0
960,480,32,4,11247.0
960,480,96,4,24284.0
960,480,192,4,56309.0
960,480,288,4,112946.0
960,576,32,4,13219.0
960,576,96,4,28865.0
960,576,192,4,67060.0
960,672,32,4,15095.0
960,672,96,4,42481.0
960,768,32,4,17071.0
960,768,96,4,48290.0
960,864,32,4,23627.0
960,864,96,4,54363.0
960,32,32,5,2170.0
960,32,96,5,2955.0
960,32,192,5,4292.0
960,32,288,5,8124.0
960,32,384,5,10636.0
960,32,480,5,12723.0
960,32,576,5,14919.0
960,32,672,5,17235.0
960,32,768,5,19415.0
960,32,864,5,21762.0
960,96,32,5,3060.0
960,96,96,5,5331.0
960,96,192,5,8787.0
960,96,288,5,16121.0
960,96,384,5,21504.0
960,96,480,5,26041.0
960,96,576,5,31594.0
960,96,672,5,35834.0
960,96,768,5,40757.0
960,96,864,5,58925.0
960,192,32,5,4628.0
960,192,96,5,9042.0
960,192,192,5,15687.0
960,192,288,5,30402.0
960,192,384,5,40035.0
960,192,480,5,49771.0
960,192,576,5,59422.0
960,192,672,5,88309.0
960,288,32,5,6216.0
960,288,96,5,12735.0
960,288,192,5,22481.0
960,288,288,5,44604.0
960,288,384,5,59179.0
960,288,480,5,95050.0
960,384,32,5,7745.0
960,384,96,5,16479.0
960,384,192,5,29356.0
960,384,288,5,58825.0
960,480,32,5,9355.0
960,480,96,5,20246.0
960,480,192,5,36196.0
960,480,288,5,94642.0
960,576,32,5,10815.0
960,576,96,5,23923.0
960,576,192,5,43068.0
960,576,288,5,112845.0
960,672,32,5,12470.0
960,672,96,5,27629.0
960,672,192,5,67593.0
960,768,32,5,14063.0
960,768,96,5,31361.0
960,768,192,5,76887.0
960,864,32,5,15538.0
960,864,96,5,46816.0
960,864,192,5,108614.0
960,32,32,6,2093.0
960,32,96,6,2834.0
960,32,192,6,3959.0
960,32,288,6,7279.0
960,32,384,6,9333.0
960,32,480,6,11324.0
960,32,576,6,13233.0
960,32,672,6,15065.0
960,32,768,6,17090.0
960,32,864,6,19123.0
960,96,32,6,2888.0
960,96,96,6,4920.0
960,96,192,6,8042.0
960,96,288,6,14372.0
960,96,384,6,18998.0
960,96,480,6,23360.0
960,96,576,6,27771.0
960,96,672,6,31575.0
960,96,768,6,35850.0
960,96,864,6,40179.0
960,192,32,6,4190.0
960,192,96,6,8216.0
960,192,192,6,14180.0
960,192,288,6,26909.0
960,192,384,6,35331.0
960,192,480,6,43808.0
960,192,576,6,52211.0
960,192,672,6,60770.0
960,288,32,6,5574.0
960,288,96,6,11506.0
960,288,192,6,20320.0
960,288,288,6,39342.0
960,288,384,6,51697.0
960,288,480,6,64595.0
960,384,32,6,6951.0
960,384,96,6,14832.0
960,384,192,6,26388.0
960,384,288,6,51764.0
960,384,384,6,68336.0
960,480,32,6,8355.0
960,480,96,6,18119.0
960,480,192,6,32534.0
960,480,288,6,64224.0
960,576,32,6,9714.0
960,576,96,6,21456.0
960,576,192,6,38652.0
960,672,32,6,11099.0
960,672,96,6,24781.0
960,672,192,6,44756.0
960,768,32,6,12536.0
960,768,96,6,28048.0
960,864,32,6,13813.0
960,864,96,6,31327.0
960,32,32,8,1994.0
960,32,96,8,2646.0
960,32,192,8,3725.0
960,32,288,8,6434.0
960,32,384,8,8126.0
960,32,480,8,9716.0
960,32,576,8,11305.0
960,32,672,8,12946.0
960,32,768,8,14621.0
960,32,864,8,16318.0
960,96,32,8,2704.0
960,96,96,8,4533.0
960,96,192,8,7250.0
960,96,288,8,12495.0
960,96,384,8,16566.0
960,96,480,8,19872.0
960,96,576,8,23622.0
960,96,672,8,27314.0
960,96,768,8,31569.0
960,96,864,8,34259.0
960,192,32,8,3890.0
960,192,96,8,7431.0
960,192,192,8,12694.0
960,192,288,8,23279.0
960,192,384,8,30621.0
960,192,480,8,37812.0
960,192,576,8,45133.0
960,192,672,8,52510.0
960,192,768,8,59776.0
960,192,864,8,90907.0
960,288,32,8,5106.0
960,288,96,8,10367.0
960,288,192,8,18062.0
960,288,288,8,34013.0
960,288,384,8,44819.0
960,288,480,8,55604.0
960,288,576,8,66242.0
960,288,672,8,105829.0
960,384,32,8,6212.0
960,384,96,8,13218.0
960,384,192,8,23444.0
960,384,288,8,44580.0
960,384,384,8,58937.0
960,384,480,8,100435.0
960,480,32,8,7466.0
960,480,96,8,16076.0
960,480,192,8,28878.0
960,480,288,8,55359.0
960,576,32,8,8653.0
960,576,96,8,18975.0
960,576,192,8,34258.0
960,576,288,8,66146.0
960,672,32,8,9815.0
960,672,96,8,21864.0
960,672,192,8,39640.0
960,672,288,8,105560.0
960,768,32,8,11050.0
960,768,96,8,24897.0
960,768,192,8,45026.0
960,864,32,8,12191.0
960,864,96,8,27628.0
1280,32,32,2,3534.0
1280,32,96,2,5190.0
1280,32,192,2,8571.0
1280,32,288,2,21139.0
1280,32,384,2,29215.0
1280,32,480,2,36070.0
1280,32,672,2,58905.0
1280,96,32,2,5797.0
1280,96,96,2,11347.0
1280,96,192,2,19642.0
1280,96,288,2,47494.0
1280,96,384,2,61884.0
1280,96,480,2,88653.0
1280,192,32,2,10091.0
1280,192,96,2,20837.0
1280,192,192,2,41769.0
1280,192,288,2,104733.0
1280,288,32,2,14406.0
1280,288,96,2,34297.0
1280,288,192,2,76389.0
1280,288,288,2,166416.0
1280,384,32,2,21060.0
1280,384,96,2,45152.0
1280,384,192,2,110511.0
1280,480,32,2,26037.0
1280,480,96,2,68814.0
1280,576,32,2,35720.0
1280,576,96,2,127218.0
1280,672,32,2,44396.0
1280,672,96,2,234538.0
1280,768,32,2,66211.0
1280,864,32,2,112610.0
1280,32,32,3,2932.0
1280,32,96,3,4217.0
1280,32,192,3,6682.0
1280,32,288,3,15616.0
1280,32,384,3,20234.0
1280,32,480,3,26820.0
1280,32,672,3,37288.0
1280,96,32,3,4603.0
1280,96,96,3,8740.0
1280,96,192,3,14970.0
1280,96,288,3,31688.0
1280,96,384,3,46360.0
1280,96,480,3,59214.0
1280,192,32,3,7854.0
1280,192,96,3,15765.0
1280,192,192,3,27671.0
1280,192,288,3,68403.0
1280,192,384,3,91066.0
1280,288,32,3,10891.0
1280,288,96,3,22707.0
1280,288,192,3,48020.0
1280,288,288,3,103103.0
1280,384,32,3,13998.0
1280,384,96,3,35044.0
1280,384,192,3,63356.0
1280,480,32,3,19977.0
1280,480,96,3,43534.0
1280,576,32,3,23637.0
1280,576,192,3,167557.0
1280,672,32,3,27532.0
1280,672,96,3,103836.0
1280,768,32,3,47009.0
1280,768,96,3,117644.0
1280,864,32,3,52845.0
1280,864,96,3,212746.0
1280,32,32,4,2529.0
1280,32,96,4,3705.0
1280,32,192,4,5433.0
1280,32,288,4,11845.0
1280,32,384,4,15380.0
1280,32,480,4,19197.0
1280,32,576,4,22272.0
1280,32,672,4,28727.0
1280,32,864,4,36318.0
1280,96,32,4,3829.0
1280,96,96,4,7007.0
1280,96,192,4,11819.0
1280,96,288,4,23801.0
1280,96,384,4,31355.0
1280,96,480,4,38983.0
1280,96,672,4,64108.0
1280,192,32,4,6111.0
1280,192,96,4,12398.0
1280,192,192,4,21649.0
1280,192,288,4,44751.0
1280,192,480,4,88378.0
1280,288,32,4,8498.0
1280,288,96,4,17753.0
1280,288,192,4,31395.0
1280,288,288,4,80167.0
1280,384,32,4,10830.0
1280,384,96,4,23144.0
1280,384,192,4,51236.0
1280,384,288,4,105234.0
1280,480,32,4,13148.0
1280,480,96,4,28519.0
1280,480,192,4,63777.0
1280,480,288,4,184661.0
1280,576,32,4,15443.0
1280,576,96,4,41866.0
1280,672,32,4,21780.0
1280,672,96,4,48454.0
1280,768,32,4,24451.0
1280,768,96,4,84491.0
1280,864,32,4,27307.0
1280,864,96,4,95675.0
1280,32,32,5,2360.0
1280,32,96,5,3363.0
1280,32,192,5,4861.0
1280,32,288,5,10160.0
1280,32,384,5,12878.0
1280,32,480,5,15883.0
1280,32,576,5,18591.0
1280,32,672,5,21573.0
1280,32,768,5,24407.0
1280,32,864,5,30930.0
1280,96,32,5,3434.0
1280,96,96,5,6202.0
1280,96,192,5,10342.0
1280,96,288,5,19711.0
1280,96,384,5,26620.0
1280,96,480,5,31951.0
1280,96,576,5,38040.0
1280,96,672,5,54411.0
1280,96,864,5,70213.0
1280,192,32,5,5407.0
1280,192,96,5,10751.0
1280,192,192,5,18599.0
1280,192,288,5,37645.0
1280,192,384,5,49664.0
1280,192,480,5,76014.0
1280,288,32,5,7394.0
1280,288,96,5,15206.0
1280,288,192,5,26976.0
1280,288,288,5,55036.0
1280,288,480,5,112866.0
1280,384,32,5,9341.0
1280,384,96,5,19801.0
1280,384,192,5,35291.0
1280,384,288,5,90634.0
1280,480,32,5,11297.0
1280,480,96,5,24367.0
1280,480,192,5,56358.0
1280,480,288,5,112767.0
1280,576,32,5,13260.0
1280,576,96,5,28930.0
1280,576,192,5,67214.0
1280,672,32,5,15196.0
1280,672,96,5,42690.0
1280,768,32,5,17178.0
1280,768,96,5,48446.0
1280,864,32,5,23757.0
1280,864,96,5,54453.0
1280,32,32,6,2297.0
1280,32,96,6,3183.0
1280,32,192,6,4600.0
1280,32,288,6,9202.0
1280,32,384,6,11859.0
1280,32,480,6,14369.0
1280,32,576,6,16823.0
1280,32,672,6,19404.0
1280,32,768,6,21964.0
1280,32,864,6,24602.0
1280,96,32,6,3253.0
1280,96,96,6,5860.0
1280,96,192,6,9603.0
1280,96,288,6,18048.0
1280,96,384,6,23761.0
1280,96,480,6,29085.0
1280,96,576,6,34627.0
1280,96,672,6,40191.0
1280,192,32,6,4997.0
1280,192,96,6,9994.0
1280,192,192,6,17204.0
1280,192,288,6,34083.0
1280,192,384,6,44916.0
1280,192,480,6,55769.0
1280,288,32,6,6788.0
1280,288,96,6,14030.0
1280,288,192,6,24757.0
1280,288,288,6,49875.0
1280,288,384,6,66177.0
1280,384,32,6,8557.0
1280,384,96,6,18159.0
1280,384,192,6,32363.0
1280,384,288,6,65750.0
1280,480,32,6,10324.0
1280,480,96,6,22253.0
1280,480,192,6,39921.0
1280,576,32,6,12067.0
1280,576,96,6,26466.0
1280,672,32,6,13851.0
1280,672,96,6,30601.0
1280,768,32,6,15550.0
1280,864,32,6,17396.0
1280,32,32,7,2243.0
1280,32,96,7,3011.0
1280,32,192,7,4441.0
1280,32,288,7,8239.0
1280,32,384,7,10687.0
1280,32,480,7,12744.0
1280,32,576,7,14989.0
1280,32,672,7,17235.0
1280,32,768,7,19526.0
1280,32,864,7,21783.0
1280,96,32,7,3085.0
1280,96,96,7,5371.0
1280,96,192,7,8872.0
1280,96,288,7,16286.0
1280,96,384,7,21514.0
1280,96,480,7,26069.0
1280,96,576,7,31625.0
1280,96,672,7,35893.0
1280,96,768,7,40860.0
1280,96,864,7,59359.0
1280,192,32,7,4661.0
1280,192,96,7,9122.0
1280,192,192,7,15721.0
1280,192,288,7,30455.0
1280,192,384,7,40108.0
1280,192,480,7,49789.0
1280,192,576,7,59432.0
1280,192,672,7,88623.0
1280,288,32,7,6244.0
1280,288,96,7,12847.0
1280,288,192,7,22519.0
1280,288,288,7,44630.0
1280,288,384,7,59257.0
1280,288,480,7,95356.0
1280,384,32,7,7793.0
1280,384,96,7,16565.0
1280,384,192,7,29380.0
1280,384,288,7,58889.0
1280,480,32,7,9321.0
1280,480,96,7,20293.0
1280,480,192,7,36250.0
1280,480,288,7,94657.0
1280,576,32,7,10932.0
1280,576,96,7,24010.0
1280,576,192,7,43106.0
1280,576,288,7,112837.0
1280,672,32,7,12473.0
1280,672,96,7,27713.0
1280,672,192,7,67674.0
1280,768,32,7,14093.0
1280,768,96,7,31431.0
1280,768,192,7,77027.0
1280,864,32,7,15639.0
1280,864,96,7,46838.0
1280,864,192,7,108770.0
1280,32,32,8,2263.0
1280,32,96,8,2897.0
1280,32,192,8,4091.0
1280,32,288,8,7374.0
1280,32,384,8,9356.0
1280,32,480,8,11366.0
1280,32,576,8,13186.0
1280,32,672,8,15152.0
1280,32,768,8,17084.0
1280,32,864,8,19096.0
1280,96,32,8,2898.0
1280,96,96,8,5019.0
1280,96,192,8,8055.0
1280,96,288,8,14438.0
1280,96,384,8,18722.0
1280,96,480,8,23476.0
1280,96,576,8,27314.0
1280,96,672,8,31540.0
1280,96,768,8,35935.0
1280,96,864,8,40236.0
1280,192,32,8,4348.0
1280,192,96,8,8258.0
1280,192,192,8,14245.0
1280,192,288,8,26857.0
1280,192,384,8,35426.0
1280,192,480,8,43900.0
1280,192,576,8,52336.0
1280,192,672,8,60928.0
1280,288,32,8,5652.0
1280,288,96,8,11589.0
1280,288,192,8,20347.0
1280,288,288,8,39342.0
1280,288,384,8,51970.0
1280,288,480,8,64609.0
1280,384,32,8,7048.0
1280,384,96,8,14877.0
1280,384,192,8,26413.0
1280,384,288,8,51803.0
1280,384,384,8,68411.0
1280,480,32,8,8451.0
1280,480,96,8,18234.0
1280,480,192,8,32572.0
1280,480,288,8,64279.0
1280,576,32,8,9740.0
1280,576,96,8,21508.0
1280,576,192,8,38688.0
1280,672,32,8,11178.0
1280,672,96,8,24802.0
1280,672,192,8,44836.0
1280,768,32,8,12510.0
1280,768,96,8,28139.0
1280,864,32,8,13972.0
1280,864,96,8,31409.0
1600,32,32,2,4039.0
1600,32,96,2,5948.0
1600,32,192,2,10166.0
1600,32,480,2,49879.0
1600,96,32,2,6742.0
1600,96,96,2,13495.0
1600,96,384,2,88301.0
1600,192,32,2,12110.0
1600,192,192,2,64043.0
1600,192,288,2,130044.0
1600,288,32,2,23327.0
1600,288,96,2,51909.0
1600,288,192,2,95197.0
1600,384,32,2,29602.0
1600,384,96,2,68337.0
1600,480,32,2,36879.0
1600,576,32,2,96130.0
1600,576,96,2,253388.0
1600,672,32,2,112777.0
1600,768,32,2,123995.0
1600,32,32,3,3273.0
1600,32,96,3,4684.0
1600,32,192,3,7383.0
1600,32,288,3,18279.0
1600,96,32,3,5219.0
1600,96,96,3,10052.0
1600,96,192,3,17325.0
1600,96,288,3,36550.0
1600,192,32,3,8937.0
1600,192,96,3,18301.0
1600,192,576,3,377624.0
1600,288,32,3,12642.0
1600,288,96,3,26546.0
1600,288,384,3,375425.0
1600,384,32,3,43513.0
1600,384,96,3,115265.0
1600,384,192,3,220373.0
1600,384,288,3,375265.0
1600,480,32,3,54704.0
1600,480,96,3,145892.0
1600,480,192,3,276585.0
1600,576,32,3,66213.0
1600,576,96,3,173058.0
1600,576,192,3,329162.0
1600,672,32,3,77288.0
1600,672,96,3,199979.0
1600,768,32,3,85209.0
1600,768,96,3,227082.0
1600,864,32,3,96635.0
1600,32,32,4,2824.0
1600,32,96,4,4073.0
1600,32,192,4,6439.0
1600,32,288,4,14588.0
1600,32,384,4,19189.0
1600,32,480,4,23633.0
1600,96,32,4,4341.0
1600,96,96,4,8335.0
1600,96,192,4,14191.0
1600,96,288,4,29327.0
1600,96,384,4,39197.0
1600,192,32,4,7445.0
1600,192,96,4,14938.0
1600,192,192,4,26161.0
1600,288,32,4,10275.0
1600,288,96,4,21569.0
1600,384,32,4,13242.0
1600,384,96,4,28175.0
1600,480,32,4,16152.0
1600,480,192,4,212060.0
1600,480,288,4,359423.0
1600,576,32,4,51147.0
1600,576,96,4,132740.0
1600,576,192,4,252328.0
1600,672,32,4,59693.0
1600,672,96,4,153432.0
1600,672,192,4,296064.0
1600,768,32,4,65786.0
1600,768,96,4,174184.0
1600,864,32,4,74272.0
1600,864,96,4,197536.0
1600,32,32,5,2593.0
1600,32,96,5,3746.0
1600,32,192,5,5499.0
1600,32,288,5,11973.0
1600,32,384,5,15436.0
1600,32,480,5,19209.0
1600,32,576,5,22323.0
1600,32,672,5,28767.0
1600,32,864,5,36400.0
1600,96,32,5,3831.0
1600,96,96,5,7049.0
1600,96,192,5,11858.0
1600,96,288,5,23853.0
1600,96,384,5,30417.0
1600,96,480,5,38992.0
1600,96,672,5,64121.0
1600,192,32,5,6174.0
1600,192,96,5,12448.0
1600,192,192,5,21747.0
1600,192,288,5,44791.0
1600,192,480,5,88745.0
1600,288,32,5,8520.0
1600,288,96,5,17857.0
1600,288,192,5,31470.0
1600,288,288,5,80308.0
1600,384,32,5,10911.0
1600,384,96,5,23176.0
1600,384,192,5,51334.0
1600,384,288,5,105303.0
1600,480,32,5,13184.0
1600,480,96,5,28558.0
1600,480,192,5,63827.0
1600,480,288,5,184676.0
1600,576,32,5,15492.0
1600,576,96,5,41929.0
1600,672,32,5,21918.0
1600,672,96,5,48530.0
1600,768,32,5,24537.0
1600,768,96,5,84730.0
1600,864,32,5,27481.0
1600,864,96,5,96066.0
1600,32,32,6,2499.0
1600,32,96,6,3580.0
1600,32,192,6,5153.0
1600,32,288,6,10898.0
1600,32,384,6,14293.0
1600,32,480,6,17545.0
1600,32,576,6,20538.0
1600,32,672,6,23718.0
1600,96,32,6,3696.0
1600,96,96,6,6696.0
1600,96,192,6,11116.0
1600,96,288,6,21497.0
1600,96,384,6,29194.0
1600,96,480,6,36054.0
1600,96,576,6,42188.0
1600,192,32,6,5806.0
1600,192,96,6,11639.0
1600,192,192,6,20236.0
1600,192,288,6,41260.0
1600,192,384,6,54491.0
1600,288,32,6,7995.0
1600,288,96,6,16538.0
1600,288,192,6,29243.0
1600,288,288,6,60928.0
1600,384,32,6,10145.0
1600,384,96,6,21513.0
1600,384,192,6,38306.0
1600,384,288,6,112033.0
1600,480,32,6,12318.0
1600,480,96,6,26405.0
1600,480,288,6,139372.0
1600,576,32,6,14424.0
1600,576,96,6,31472.0
1600,576,192,6,86399.0
1600,672,32,6,16555.0
1600,672,96,6,54294.0
1600,672,192,6,100682.0
1600,768,32,6,26043.0
1600,768,96,6,61740.0
1600,864,32,6,29141.0
1600,864,96,6,69592.0
1600,32,32,7,2427.0
1600,32,96,7,3411.0
1600,32,192,7,4920.0
1600,32,288,7,10231.0
1600,32,384,7,13084.0
1600,32,480,7,15972.0
1600,32,576,7,18692.0
1600,32,672,7,21580.0
1600,32,768,7,24440.0
1600,32,864,7,30971.0
1600,96,32,7,3533.0
1600,96,96,7,6251.0
1600,96,192,7,10418.0
1600,96,288,7,19769.0
1600,96,384,7,25680.0
1600,96,480,7,31730.0
1600,96,576,7,38132.0
1600,96,672,7,54026.0
1600,96,864,7,69616.0
1600,192,32,7,5454.0
1600,192,96,7,10803.0
1600,192,192,7,18726.0
1600,192,288,7,37718.0
1600,192,384,7,49744.0
1600,192,480,7,76140.0
1600,288,32,7,7448.0
1600,288,96,7,15286.0
1600,288,192,7,27048.0
1600,288,288,7,55098.0
1600,288,480,7,113242.0
1600,384,32,7,9354.0
1600,384,96,7,19850.0
1600,384,192,7,35356.0
1600,384,288,7,90810.0
1600,480,32,7,11400.0
1600,480,96,7,24406.0
1600,480,192,7,56395.0
1600,480,288,7,112898.0
1600,576,32,7,13326.0
1600,576,96,7,28985.0
1600,576,192,7,67226.0
1600,672,32,7,15253.0
1600,672,96,7,42723.0
1600,768,32,7,17215.0
1600,768,96,7,48500.0
1600,864,32,7,23689.0
1600,864,96,7,54555.0
1600,32,32,8,2363.0
1600,32,96,8,3257.0
1600,32,192,8,4686.0
1600,32,288,8,9313.0
1600,32,384,8,11964.0
1600,32,480,8,14345.0
1600,32,576,8,16905.0
1600,32,672,8,19466.0
1600,32,768,8,22056.0
1600,32,864,8,24672.0
1600,96,32,8,3478.0
1600,96,96,8,5902.0
1600,96,192,8,9685.0
1600,96,288,8,18305.0
1600,96,384,8,23584.0
1600,96,480,8,29145.0
1600,96,576,8,35450.0
1600,96,672,8,41093.0
1600,192,32,8,5036.0
1600,192,96,8,10038.0
1600,192,192,8,17286.0
1600,192,288,8,34137.0
1600,192,384,8,44939.0
1600,192,480,8,55935.0
1600,288,32,8,6801.0
1600,288,96,8,14109.0
1600,288,192,8,24804.0
1600,288,288,8,49829.0
1600,288,384,8,66257.0
1600,384,32,8,8622.0
1600,384,96,8,18214.0
1600,384,192,8,32378.0
1600,384,288,8,65792.0
1600,480,32,8,10403.0
1600,480,96,8,22327.0
1600,480,192,8,39970.0
1600,576,32,8,12155.0
1600,576,96,8,26470.0
1600,672,32,8,13888.0
1600,672,96,8,30636.0
1600,768,32,8,15630.0
1600,864,32,8,17527.0
1600,32,32,9,2253.0
1600,32,96,9,3100.0
1600,32,192,9,4453.0
1600,32,288,9,8273.0
1600,32,384,9,10738.0
1600,32,480,9,12784.0
1600,32,576,9,15040.0
1600,32,672,9,17296.0
1600,32,768,9,19530.0
1600,32,864,9,21851.0
1600,96,32,9,3167.0
1600,96,96,9,5428.0
1600,96,192,9,8888.0
1600,96,288,9,16536.0
1600,96,384,9,21588.0
1600,96,480,9,26142.0
1600,96,576,9,31677.0
1600,96,672,9,35961.0
1600,96,768,9,40913.0
1600,96,864,9,58969.0
1600,192,32,9,4724.0
1600,192,96,9,9139.0
1600,192,192,9,15750.0
1600,192,288,9,30509.0
1600,192,384,9,40141.0
1600,192,480,9,49826.0
1600,192,576,9,59501.0
1600,192,672,9,88854.0
1600,288,32,9,6317.0
1600,288,96,9,12850.0
1600,288,192,9,22580.0
1600,288,288,9,44713.0
1600,288,384,9,59328.0
1600,288,480,9,95140.0
1600,384,32,9,7829.0
1600,384,96,9,16538.0
1600,384,192,9,29409.0
1600,384,288,9,58917.0
1600,480,32,9,9394.0
1600,480,96,9,20310.0
1600,480,192,9,36319.0
1600,480,288,9,94828.0
1600,576,32,9,10948.0
1600,576,96,9,24052.0
1600,576,192,9,43165.0
1600,576,288,9,112936.0
1600,672,32,9,12519.0
1600,672,96,9,27739.0
1600,672,192,9,67840.0
1600,768,32,9,14161.0
1600,768,96,9,31466.0
1600,768,192,9,77080.0
1600,864,32,9,15660.0
1600,864,96,9,46978.0
1600,864,192,9,108966.0
1920,32,32,2,4567.0
1920,32,96,2,6781.0
1920,32,192,2,11746.0
1920,32,288,2,31161.0
1920,32,384,2,43244.0
1920,32,480,2,59290.0
1920,96,32,2,7855.0
1920,96,96,2,15759.0
1920,96,192,2,29768.0
1920,96,288,2,69643.0
1920,192,32,2,14127.0
1920,192,96,2,32214.0
1920,192,192,2,62061.0
1920,288,32,2,22785.0
1920,288,96,2,50960.0
1920,288,192,2,144060.0
1920,384,32,2,30723.0
1920,384,96,2,81740.0
1920,480,32,2,43758.0
1920,576,32,2,75994.0
1920,672,32,2,134937.0
1920,32,32,3,3541.0
1920,32,96,3,5193.0
1920,32,192,3,8626.0
1920,32,288,3,21073.0
1920,32,384,3,29045.0
1920,32,480,3,35905.0
1920,32,672,3,59003.0
1920,96,32,3,5834.0
1920,96,96,3,11350.0
1920,96,192,3,19649.0
1920,96,288,3,46757.0
1920,96,384,3,61696.0
1920,96,480,3,90318.0
1920,192,32,3,10101.0
1920,192,96,3,20831.0
1920,192,192,3,41782.0
1920,192,288,3,104456.0
1920,288,32,3,14430.0
1920,288,96,3,34412.0
1920,288,192,3,76485.0
1920,288,288,3,166342.0
1920,384,32,3,21174.0
1920,384,96,3,45208.0
1920,384,192,3,110682.0
1920,480,32,3,26144.0
1920,480,96,3,68863.0
1920,576,32,3,35708.0
1920,576,96,3,127421.0
1920,672,32,3,44763.0
1920,672,96,3,235131.0
1920,768,32,3,66435.0
1920,864,32,3,113169.0
1920,32,32,4,3201.0
1920,32,96,4,4378.0
1920,32,192,4,6902.0
1920,32,288,4,16568.0
1920,32,384,4,21514.0
1920,32,480,4,30381.0
1920,32,864,4,61070.0
1920,96,32,4,4883.0
1920,96,96,4,9217.0
1920,96,192,4,15786.0
1920,96,288,4,33602.0
1920,96,480,4,66920.0
1920,96,672,4,110344.0
1920,192,32,4,8133.0
1920,192,96,4,16657.0
1920,192,192,4,29205.0
1920,192,288,4,79269.0
1920,192,384,4,104858.0
1920,192,480,4,154931.0
1920,288,32,4,11489.0
1920,288,96,4,24029.0
1920,288,288,4,117664.0
1920,288,384,4,184306.0
1920,384,32,4,14764.0
1920,384,96,4,41662.0
1920,384,192,4,76089.0
1920,384,288,4,183827.0
1920,480,32,4,22822.0
1920,480,96,4,52120.0
1920,480,192,4,119744.0
1920,576,32,4,27242.0
1920,576,96,4,62051.0
1920,672,32,4,31693.0
1920,672,96,4,89219.0
1920,768,32,4,35574.0
1920,864,32,4,47135.0
1920,32,32,5,2786.0
1920,32,96,5,3940.0
1920,32,192,5,6150.0
1920,32,288,5,13808.0
1920,32,384,5,17947.0
1920,32,480,5,22025.0
1920,32,672,5,33012.0
1920,96,32,5,4418.0
1920,96,96,5,7977.0
1920,96,192,5,13440.0
1920,96,288,5,28019.0
1920,96,384,5,36725.0
1920,96,480,5,52025.0
1920,192,32,5,6990.0
1920,192,96,5,14131.0
1920,192,192,5,24685.0
1920,192,288,5,51999.0
1920,192,384,5,80801.0
1920,288,32,5,9859.0
1920,288,96,5,20317.0
1920,288,192,5,35953.0
1920,288,288,5,90720.0
1920,288,384,5,133911.0
1920,384,32,5,12498.0
1920,384,96,5,26561.0
1920,384,192,5,57405.0
1920,384,288,5,133965.0
1920,480,32,5,15188.0
1920,480,96,5,39500.0
1920,480,192,5,83718.0
1920,576,32,5,21301.0
1920,576,96,5,47025.0
1920,576,192,5,114601.0
1920,672,32,5,24660.0
1920,672,96,5,63222.0
1920,768,32,5,27804.0
1920,768,96,5,81619.0
1920,864,32,5,34647.0
1920,864,96,5,114955.0
1920,32,32,6,2612.0
1920,32,96,6,3712.0
1920,32,192,6,5511.0
1920,32,288,6,11914.0
1920,32,384,6,15442.0
1920,32,480,6,19275.0
1920,32,576,6,22367.0
1920,32,672,6,28738.0
1920,32,864,6,36546.0
1920,96,32,6,3924.0
1920,96,96,6,7128.0
1920,96,192,6,11897.0
1920,96,288,6,23877.0
1920,96,384,6,30408.0
1920,96,480,6,39020.0
1920,96,672,6,64176.0
1920,192,32,6,6292.0
1920,192,96,6,12458.0
1920,192,192,6,21709.0
1920,192,288,6,44802.0
1920,192,480,6,88793.0
1920,288,32,6,8547.0
1920,288,96,6,17890.0
1920,288,192,6,31483.0
1920,288,288,6,80575.0
1920,384,32,6,10904.0
1920,384,96,6,23168.0
1920,384,192,6,51447.0
1920,384,288,6,105372.0
1920,480,32,6,13252.0
1920,480,96,6,28663.0
1920,480,192,6,63924.0
1920,480,288,6,184833.0
1920,576,32,6,15508.0
1920,576,96,6,42026.0
1920,672,32,6,21877.0
1920,672,96,6,48607.0
1920,768,32,6,24550.0
1920,768,96,6,84953.0
1920,864,32,6,27436.0
1920,864,96,6,96053.0
1920,32,32,7,2510.0
1920,32,96,7,3636.0
1920,32,192,7,5193.0
1920,32,288,7,10977.0
1920,32,384,7,14307.0
1920,32,480,7,17573.0
1920,32,576,7,20566.0
1920,32,672,7,23759.0
1920,96,32,7,3707.0
1920,96,96,7,6654.0
1920,96,192,7,11136.0
1920,96,288,7,21516.0
1920,96,384,7,28501.0
1920,96,480,7,36127.0
1920,96,576,7,42200.0
1920,192,32,7,5862.0
1920,192,96,7,11666.0
1920,192,192,7,20268.0
1920,192,288,7,41296.0
1920,192,384,7,54518.0
1920,288,32,7,7999.0
1920,288,96,7,16561.0
1920,288,192,7,29311.0
1920,288,288,7,60951.0
1920,384,32,7,10199.0
1920,384,96,7,21579.0
1920,384,192,7,38345.0
1920,384,288,7,112067.0
1920,480,32,7,12327.0
1920,480,96,7,26462.0
1920,480,288,7,139809.0
1920,576,32,7,14385.0
1920,576,96,7,31506.0
1920,576,192,7,86441.0
1920,672,32,7,16577.0
1920,672,96,7,54358.0
1920,672,192,7,100799.0
1920,768,32,7,26196.0
1920,768,96,7,61715.0
1920,864,32,7,29230.0
1920,864,96,7,69707.0
1920,32,32,8,2458.0
1920,32,96,8,3399.0
1920,32,192,8,4962.0
1920,32,288,8,10256.0
1920,32,384,8,12962.0
1920,32,480,8,15971.0
1920,32,576,8,18704.0
1920,32,672,8,21579.0
1920,32,768,8,24485.0
1920,32,864,8,31144.0
1920,96,32,8,3541.0
1920,96,96,8,6303.0
1920,96,192,8,10401.0
1920,96,288,8,19787.0
1920,96,384,8,25694.0
1920,96,480,8,32345.0
1920,96,576,8,39194.0
1920,96,672,8,53991.0
1920,96,864,8,69602.0
1920,192,32,8,5547.0
1920,192,96,8,10889.0
1920,192,192,8,18696.0
1920,192,288,8,37687.0
1920,192,384,8,49753.0
1920,192,480,8,76142.0
1920,288,32,8,7415.0
1920,288,96,8,15344.0
1920,288,192,8,27037.0
1920,288,288,8,55142.0
1920,288,480,8,113074.0
1920,384,32,8,9379.0
1920,384,96,8,19903.0
1920,384,192,8,35390.0
1920,384,288,8,90749.0
1920,480,32,8,11378.0
1920,480,96,8,24434.0
1920,480,192,8,56421.0
1920,480,288,8,113033.0
1920,576,32,8,13287.0
1920,576,96,8,28985.0
1920,576,192,8,67267.0
1920,672,32,8,15299.0
1920,672,96,8,42742.0
1920,768,32,8,17201.0
1920,768,96,8,48528.0
1920,864,32,8,23801.0
1920,864,96,8,54534.0
1920,32,32,9,2339.0
1920,32,96,9,3262.0
1920,32,192,9,4698.0
1920,32,288,9,9308.0
1920,32,384,9,12030.0
1920,32,480,9,14435.0
1920,32,576,9,16927.0
1920,32,672,9,19454.0
1920,32,768,9,22023.0
1920,32,864,9,24514.0
1920,96,32,9,3329.0
1920,96,96,9,5877.0
1920,96,192,9,9640.0
1920,96,288,9,18513.0
1920,96,384,9,23669.0
1920,96,480,9,29206.0
1920,96,576,9,34706.0
1920,96,672,9,41101.0
1920,192,32,9,5093.0
1920,192,96,9,9984.0
1920,192,192,9,17265.0
1920,192,288,9,34122.0
1920,192,384,9,44976.0
1920,192,480,9,55956.0
1920,288,32,9,6834.0
1920,288,96,9,14133.0
1920,288,192,9,24802.0
1920,288,288,9,49920.0
1920,288,384,9,66296.0
1920,384,32,9,8613.0
1920,384,96,9,18288.0
1920,384,192,9,32435.0
1920,384,288,9,66023.0
1920,480,32,9,10417.0
1920,480,96,9,22355.0
1920,480,192,9,40030.0
1920,576,32,9,12215.0
1920,576,96,9,26546.0
1920,672,32,9,13915.0
1920,672,96,9,30653.0
1920,768,32,9,15649.0
1920,864,32,9,17462.0
2240,32,32,3,3975.0
2240,32,96,3,5820.0
2240,32,192,3,9860.0
2240,32,288,3,25981.0
2240,32,384,3,34047.0
2240,32,480,3,44366.0
2240,96,32,3,6624.0
2240,96,96,3,13084.0
2240,96,192,3,25112.0
2240,96,288,3,55199.0
2240,96,384,3,77334.0
2240,192,32,3,11716.0
2240,192,96,3,27088.0
2240,192,192,3,48004.0
2240,192,288,3,119067.0
2240,288,32,3,18858.0
2240,288,96,3,39504.0
2240,288,192,3,85595.0
2240,384,32,3,24408.0
2240,384,96,3,56865.0
2240,480,32,3,31974.0
2240,480,96,3,89992.0
2240,576,32,3,45703.0
2240,672,32,3,71518.0
2240,768,32,3,119710.0
2240,32,32,4,3397.0
2240,32,96,4,4879.0
2240,32,192,4,7999.0
2240,32,288,4,19455.0
2240,32,384,4,27189.0
2240,32,480,4,33263.0
2240,32,576,4,42095.0
2240,96,32,4,5416.0
2240,96,96,4,10527.0
2240,96,192,4,18081.0
2240,96,288,4,43454.0
2240,96,384,4,56398.0
2240,96,480,4,77415.0
2240,192,32,4,9329.0
2240,192,96,4,19198.0
2240,192,192,4,38784.0
2240,192,288,4,84117.0
2240,288,32,4,13259.0
2240,288,96,4,31793.0
2240,288,192,4,57129.0
2240,288,288,4,166444.0
2240,384,32,4,19560.0
2240,384,96,4,41939.0
2240,480,32,4,24150.0
2240,480,96,4,58272.0
2240,480,192,4,180660.0
2240,576,32,4,30930.0
2240,576,96,4,92135.0
2240,672,32,4,44829.0
2240,672,96,4,133139.0
2240,768,32,4,49977.0
2240,864,32,4,67668.0
2240,32,32,5,2995.0
2240,32,96,5,4281.0
2240,32,192,5,6787.0
2240,32,288,5,15637.0
2240,32,384,5,20330.0
2240,32,480,5,27018.0
2240,32,672,5,37522.0
2240,96,32,5,4708.0
2240,96,96,5,8805.0
2240,96,192,5,14993.0
2240,96,288,5,31726.0
2240,96,384,5,46846.0
2240,96,480,5,59334.0
2240,192,32,5,7802.0
2240,192,96,5,15857.0
2240,192,192,5,27829.0
2240,192,288,5,69197.0
2240,192,384,5,90815.0
2240,288,32,5,10920.0
2240,288,96,5,22832.0
2240,288,192,5,48134.0
2240,288,288,5,102897.0
2240,384,32,5,14051.0
2240,384,96,5,35128.0
2240,384,192,5,63477.0
2240,480,32,5,20120.0
2240,480,96,5,43683.0
2240,576,32,5,23816.0
2240,576,192,5,168012.0
2240,672,32,5,27635.0
2240,672,96,5,104040.0
2240,768,32,5,47356.0
2240,768,96,5,118141.0
2240,864,32,5,53226.0
2240,864,96,5,213282.0
2240,32,32,6,2847.0
2240,32,96,6,4007.0
2240,32,192,6,6173.0
2240,32,288,6,13806.0
2240,32,384,6,17683.0
2240,32,480,6,22068.0
2240,32,672,6,33092.0
2240,96,32,6,4343.0
2240,96,96,6,7941.0
2240,96,192,6,13488.0
2240,96,288,6,28107.0
2240,96,384,6,36720.0
2240,96,480,6,51670.0
2240,192,32,6,7059.0
2240,192,96,6,14191.0
2240,192,192,6,24739.0
2240,192,288,6,52004.0
2240,192,384,6,81577.0
2240,288,32,6,9713.0
2240,288,96,6,20439.0
2240,288,192,6,36001.0
2240,288,288,6,91204.0
2240,288,384,6,134015.0
2240,384,32,6,12519.0
2240,384,96,6,26515.0
2240,384,192,6,57450.0
2240,384,288,6,133704.0
2240,480,32,6,15162.0
2240,480,96,6,39660.0
2240,480,192,6,83769.0
2240,576,32,6,21362.0
2240,576,96,6,47057.0
2240,576,192,6,114628.0
2240,672,32,6,24691.0
2240,672,96,6,63247.0
2240,768,32,6,27743.0
2240,768,96,6,81705.0
2240,864,32,6,34697.0
2240,864,96,6,114853.0
2240,32,32,7,2649.0
2240,32,96,7,3742.0
2240,32,192,7,5661.0
2240,32,288,7,12114.0
2240,32,384,7,15454.0
2240,32,480,7,19337.0
2240,32,576,7,22418.0
2240,32,672,7,28801.0
2240,32,864,7,36488.0
2240,96,32,7,3900.0
2240,96,96,7,7097.0
2240,96,192,7,11956.0
2240,96,288,7,23990.0
2240,96,384,7,30532.0
2240,96,480,7,39208.0
2240,96,672,7,64397.0
2240,192,32,7,6275.0
2240,192,96,7,12521.0
2240,192,192,7,21743.0
2240,192,288,7,44916.0
2240,192,480,7,89168.0
2240,288,32,7,8549.0
2240,288,96,7,17904.0
2240,288,192,7,31520.0
2240,288,288,7,80335.0
2240,384,32,7,10965.0
2240,384,96,7,23194.0
2240,384,192,7,51478.0
2240,384,288,7,105485.0
2240,480,32,7,13241.0
2240,480,96,7,28631.0
2240,480,192,7,63904.0
2240,480,288,7,184965.0
2240,576,32,7,15577.0
2240,576,96,7,42069.0
2240,672,32,7,21877.0
2240,672,96,7,48629.0
2240,768,32,7,24569.0
2240,768,96,7,85016.0
2240,864,32,7,27481.0
2240,864,96,7,96059.0
2240,32,32,8,2536.0
2240,32,96,8,3640.0
2240,32,192,8,5204.0
2240,32,288,8,10936.0
2240,32,384,8,14375.0
2240,32,480,8,17650.0
2240,32,576,8,20630.0
2240,32,672,8,23759.0
2240,96,32,8,3754.0
2240,96,96,8,6735.0
2240,96,192,8,11207.0
2240,96,288,8,21589.0
2240,96,384,8,28495.0
2240,96,480,8,36096.0
2240,96,576,8,42252.0
2240,192,32,8,5894.0
2240,192,96,8,11676.0
2240,192,192,8,20233.0
2240,192,288,8,41295.0
2240,192,384,8,54558.0
2240,288,32,8,8019.0
2240,288,96,8,16643.0
2240,288,192,8,29326.0
2240,288,288,8,61005.0
2240,384,32,8,10212.0
2240,384,96,8,21621.0
2240,384,192,8,38350.0
2240,384,288,8,112053.0
2240,480,32,8,12399.0
2240,480,96,8,26551.0
2240,480,288,8,139774.0
2240,576,32,8,14424.0
2240,576,96,8,31535.0
2240,576,192,8,86652.0
2240,672,32,8,16597.0
2240,672,96,8,54455.0
2240,672,192,8,100943.0
2240,768,32,8,26260.0
2240,768,96,8,61847.0
2240,864,32,8,29333.0
2240,864,96,8,69604.0
2240,32,32,9,2481.0
2240,32,96,9,3472.0
2240,32,192,9,4938.0
2240,32,288,9,10243.0
2240,32,384,9,13015.0
2240,32,480,9,15965.0
2240,32,576,9,18748.0
2240,32,672,9,21616.0
2240,32,768,9,24503.0
2240,32,864,9,31141.0
2240,96,32,9,3515.0
2240,96,96,9,6273.0
2240,96,192,9,10517.0
2240,96,288,9,19819.0
2240,96,384,9,26679.0
2240,96,480,9,32923.0
2240,96,576,9,38140.0
2240,96,672,9,54441.0
2240,96,864,9,69651.0
2240,192,32,9,5565.0
2240,192,96,9,10887.0
2240,192,192,9,18777.0
2240,192,288,9,37666.0
2240,192,384,9,49748.0
2240,192,480,9,76227.0
2240,288,32,9,7428.0
2240,288,96,9,15410.0
2240,288,192,9,27135.0
2240,288,288,9,55125.0
2240,288,480,9,113054.0
2240,384,32,9,9377.0
2240,384,96,9,19903.0
2240,384,192,9,35416.0
2240,384,288,9,90860.0
2240,480,32,9,11375.0
2240,480,96,9,24470.0
2240,480,192,9,56516.0
2240,480,288,9,113103.0
2240,576,32,9,13297.0
2240,576,96,9,29054.0
2240,576,192,9,67341.0
2240,672,32,9,15287.0
2240,672,96,9,42791.0
2240,768,32,9,17268.0
2240,768,96,9,48670.0
2240,864,32,9,23869.0
2240,864,96,9,54599.0
2560,32,32,3,4244.0
2560,32,96,3,6278.0
2560,32,192,3,10804.0
2560,32,288,3,30422.0
2560,32,384,3,39670.0
2560,96,32,3,7252.0
2560,96,96,3,14420.0
2560,96,288,3,64669.0
2560,192,32,3,12933.0
2560,192,96,3,32278.0
2560,192,192,3,57558.0
2560,192,288,3,166990.0
2560,288,32,3,21999.0
2560,288,96,3,47037.0
2560,384,32,3,28215.0
2560,384,96,3,91942.0
2560,480,32,3,47327.0
2560,576,32,3,56841.0
2560,672,32,3,121797.0
2560,32,32,4,3589.0
2560,32,96,4,5208.0
2560,32,192,4,8621.0
2560,32,288,4,21205.0
2560,32,384,4,29356.0
2560,32,480,4,36378.0
2560,32,672,4,59100.0
2560,96,32,4,5878.0
2560,96,96,4,11391.0
2560,96,192,4,19696.0
2560,96,288,4,47646.0
2560,96,384,4,61902.0
2560,96,480,4,88687.0
2560,192,32,4,10154.0
2560,192,96,4,20883.0
2560,192,192,4,41935.0
2560,192,288,4,104540.0
2560,288,32,4,14373.0
2560,288,96,4,34377.0
2560,288,192,4,76631.0
2560,288,288,4,166635.0
2560,384,32,4,21184.0
2560,384,96,4,45373.0
2560,384,192,4,110810.0
2560,480,32,4,26092.0
2560,480,96,4,68900.0
2560,576,32,4,35849.0
2560,576,96,4,127663.0
2560,672,32,4,44522.0
2560,672,96,4,235237.0
2560,768,32,4,66470.0
2560,864,32,4,113388.0
2560,32,32,5,3183.0
2560,32,96,5,4686.0
2560,32,192,5,7385.0
2560,32,288,5,17647.0
2560,32,384,5,22736.0
2560,32,480,5,30138.0
2560,96,32,5,5060.0
2560,96,96,5,9727.0
2560,96,192,5,16587.0
2560,96,288,5,35771.0
2560,96,384,5,51493.0
2560,96,480,5,64211.0
2560,192,32,5,8609.0
2560,192,96,5,17515.0
2560,192,192,5,30784.0
2560,192,288,5,76451.0
2560,288,32,5,12092.0
2560,288,96,5,25292.0
2560,288,192,5,52747.0
2560,288,288,5,134060.0
2560,384,32,5,15607.0
2560,384,96,5,38656.0
2560,384,192,5,89080.0
2560,480,32,5,22158.0
2560,480,96,5,47957.0
2560,576,32,5,26281.0
2560,576,96,5,72225.0
2560,672,32,5,36283.0
2560,672,96,5,118786.0
2560,768,32,5,40526.0
2560,864,32,5,60673.0
2560,32,32,6,3020.0
2560,32,96,6,4451.0
2560,32,192,6,6769.0
2560,32,288,6,15721.0
2560,32,384,6,20288.0
2560,32,480,6,27012.0
2560,32,672,6,37510.0
2560,96,32,6,4672.0
2560,96,96,6,8784.0
2560,96,192,6,15081.0
2560,96,288,6,31782.0
2560,96,384,6,46499.0
2560,96,480,6,59352.0
2560,192,32,6,7792.0
2560,192,96,6,15866.0
2560,192,192,6,27807.0
2560,192,288,6,69230.0
2560,192,384,6,91119.0
2560,288,32,6,11023.0
2560,288,96,6,22747.0
2560,288,192,6,48177.0
2560,288,288,6,102956.0
2560,384,32,6,14109.0
2560,384,96,6,35178.0
2560,384,192,6,63431.0
2560,480,32,6,20141.0
2560,480,96,6,43751.0
2560,576,32,6,23825.0
2560,576,192,6,168174.0
2560,672,32,6,27648.0
2560,672,96,6,104202.0
2560,768,32,6,47554.0
2560,768,96,6,118461.0
2560,864,32,6,53379.0
2560,864,96,6,213533.0
2560,32,32,7,2846.0
2560,32,96,7,3996.0
2560,32,192,7,6303.0
2560,32,288,7,13858.0
2560,32,384,7,17924.0
2560,32,480,7,22206.0
2560,32,672,7,33144.0
2560,96,32,7,4293.0
2560,96,96,7,7980.0
2560,96,192,7,13546.0
2560,96,288,7,28066.0
2560,96,384,7,35367.0
2560,96,480,7,51626.0
2560,192,32,7,7090.0
2560,192,96,7,14187.0
2560,192,192,7,24788.0
2560,192,288,7,52073.0
2560,192,384,7,81734.0
2560,288,32,7,9803.0
2560,288,96,7,20397.0
2560,288,192,7,36059.0
2560,288,288,7,91237.0
2560,288,384,7,134013.0
2560,384,32,7,12485.0
2560,384,96,7,26595.0
2560,384,192,7,57534.0
2560,384,288,7,134010.0
2560,480,32,7,15186.0
2560,480,96,7,39601.0
2560,480,192,7,83846.0
2560,576,32,7,21413.0
2560,576,96,7,47097.0
2560,576,192,7,114696.0
2560,672,32,7,24730.0
2560,672,96,7,63287.0
2560,768,32,7,27841.0
2560,768,96,7,81828.0
2560,864,32,7,34807.0
2560,864,96,7,115041.0
2560,32,32,8,2833.0
2560,32,96,8,3763.0
2560,32,192,8,5570.0
2560,32,288,8,12073.0
2560,32,384,8,15456.0
2560,32,480,8,19308.0
2560,32,576,8,22381.0
2560,32,672,8,28915.0
2560,32,864,8,36566.0
2560,96,32,8,3907.0
2560,96,96,8,7147.0
2560,96,192,8,11974.0
2560,96,288,8,23920.0
2560,96,384,8,31687.0
2560,96,480,8,39224.0
2560,96,672,8,65511.0
2560,192,32,8,6214.0
2560,192,96,8,12561.0
2560,192,192,8,21828.0
2560,192,288,8,44899.0
2560,192,480,8,88893.0
2560,288,32,8,8618.0
2560,288,96,8,17862.0
2560,288,192,8,31596.0
2560,288,288,8,80652.0
2560,384,32,8,10945.0
2560,384,96,8,23214.0
2560,384,192,8,51512.0
2560,384,288,8,105623.0
2560,480,32,8,13319.0
2560,480,96,8,28679.0
2560,480,192,8,63956.0
2560,480,288,8,184985.0
2560,576,32,8,15563.0
2560,576,96,8,42158.0
2560,672,32,8,21854.0
2560,672,96,8,48726.0
2560,768,32,8,24617.0
2560,768,96,8,85169.0
2560,864,32,8,27537.0
2560,864,96,8,96233.0
2560,32,32,9,2514.0
2560,32,96,9,3749.0
2560,32,192,9,5268.0
2560,32,288,9,11042.0
2560,32,384,9,14364.0
2560,32,480,9,17630.0
2560,32,576,9,20626.0
2560,32,672,9,23788.0
2560,96,32,9,3765.0
2560,96,96,9,6702.0
2560,96,192,9,11187.0
2560,96,288,9,21608.0
2560,96,384,9,28560.0
2560,96,480,9,35335.0
2560,96,576,9,42291.0
2560,192,32,9,5991.0
2560,192,96,9,11711.0
2560,192,192,9,20299.0
2560,192,288,9,41394.0
2560,192,384,9,54595.0
2560,288,32,9,8115.0
2560,288,96,9,16607.0
2560,288,192,9,29301.0
2560,288,288,9,61031.0
2560,384,32,9,10266.0
2560,384,96,9,21618.0
2560,384,192,9,38356.0
2560,384,288,9,112337.0
2560,480,32,9,12366.0
2560,480,96,9,26474.0
2560,480,288,9,139963.0
2560,576,32,9,14453.0
2560,576,96,9,31549.0
2560,576,192,9,86582.0
2560,672,32,9,16688.0
2560,672,96,9,54480.0
2560,672,192,9,101036.0
2560,768,32,9,26281.0
2560,768,96,9,61844.0
2560,864,32,9,29350.0
2560,864,96,9,69700.0
2880,32,32,3,4759.0
2880,32,96,3,6768.0
2880,32,192,3,11808.0
2880,32,288,3,31362.0
2880,32,384,3,43159.0
2880,32,480,3,59966.0
2880,96,32,3,7840.0
2880,96,96,3,15714.0
2880,96,192,3,29851.0
2880,96,288,3,69092.0
2880,192,32,3,14148.0
2880,192,96,3,32281.0
2880,192,192,3,62186.0
2880,288,32,3,22582.0
2880,288,96,3,50945.0
2880,288,192,3,144238.0
2880,384,32,3,30707.0
2880,384,96,3,81980.0
2880,480,32,3,44032.0
2880,576,32,3,76520.0
2880,672,32,3,135395.0
2880,32,32,4,3870.0
2880,32,96,4,5692.0
2880,32,192,4,9567.0
2880,32,768,4,131040.0
2880,96,32,4,6429.0
2880,96,96,4,12715.0
2880,96,192,4,22024.0
2880,192,32,4,11355.0
2880,192,96,4,23405.0
2880,192,384,4,341296.0
2880,288,32,4,49099.0
2880,288,96,4,118713.0
2880,288,192,4,227019.0
2880,288,288,4,385762.0
2880,384,32,4,59311.0
2880,384,96,4,155798.0
2880,384,192,4,298289.0
2880,480,32,4,74257.0
2880,480,96,4,196954.0
2880,576,32,4,89604.0
2880,576,96,4,233954.0
2880,672,32,4,104626.0
2880,768,32,4,115206.0
2880,864,32,4,130208.0
2880,32,32,5,3377.0
2880,32,96,5,4992.0
2880,32,192,5,8047.0
2880,32,288,5,19319.0
2880,32,384,5,26856.0
2880,32,480,5,33275.0
2880,32,576,5,42136.0
2880,96,32,5,5474.0
2880,96,96,5,10544.0
2880,96,192,5,18141.0
2880,96,288,5,44407.0
2880,96,384,5,57346.0
2880,96,480,5,77126.0
2880,192,32,5,9429.0
2880,192,96,5,19227.0
2880,192,192,5,38829.0
2880,192,288,5,83504.0
2880,288,32,5,13315.0
2880,288,96,5,31879.0
2880,288,192,5,57222.0
2880,288,288,5,166568.0
2880,384,32,5,19626.0
2880,384,96,5,41969.0
2880,480,32,5,24339.0
2880,480,96,5,58468.0
2880,480,192,5,181082.0
2880,576,32,5,31070.0
2880,576,96,5,92538.0
2880,672,32,5,45193.0
2880,672,96,5,133544.0
2880,768,32,5,50341.0
2880,864,32,5,68071.0
2880,32,32,6,3098.0
2880,32,96,6,4557.0
2880,32,192,6,6981.0
2880,32,288,6,16701.0
2880,32,384,6,21626.0
2880,32,480,6,30578.0
2880,32,864,6,61351.0
2880,96,32,6,4937.0
2880,96,96,6,9314.0
2880,96,192,6,15828.0
2880,96,288,6,33693.0
2880,96,480,6,67865.0
2880,96,672,6,111623.0
2880,192,32,6,8204.0
2880,192,96,6,16767.0
2880,192,192,6,29295.0
2880,192,288,6,79425.0
2880,192,384,6,104721.0
2880,192,480,6,155726.0
2880,288,32,6,11525.0
2880,288,96,6,24157.0
2880,288,288,6,117659.0
2880,288,384,6,184583.0
2880,384,32,6,14941.0
2880,384,96,6,41864.0
2880,384,192,6,76267.0
2880,384,288,6,184316.0
2880,480,32,6,23124.0
2880,480,96,6,52165.0
2880,480,192,6,119903.0
2880,576,32,6,27519.0
2880,576,96,6,62088.0
2880,672,32,6,31878.0
2880,672,96,6,89489.0
2880,768,32,6,35814.0
2880,864,32,6,47673.0
2880,32,32,7,2930.0
2880,32,96,7,4224.0
2880,32,192,7,6556.0
2880,32,288,7,14732.0
2880,32,384,7,19277.0
2880,32,480,7,23783.0
2880,96,32,7,4471.0
2880,96,96,7,8414.0
2880,96,192,7,14363.0
2880,96,288,7,29784.0
2880,96,384,7,39296.0
2880,192,32,7,7541.0
2880,192,96,7,15036.0
2880,192,192,7,26342.0
2880,288,32,7,10370.0
2880,288,96,7,21655.0
2880,384,32,7,13322.0
2880,384,96,7,28248.0
2880,480,32,7,16264.0
2880,480,192,7,213098.0
2880,480,288,7,360214.0
2880,576,32,7,52411.0
2880,576,96,7,134070.0
2880,576,192,7,253553.0
2880,672,32,7,60665.0
2880,672,96,7,154489.0
2880,672,192,7,296212.0
2880,768,32,7,66794.0
2880,768,96,7,175245.0
2880,864,32,7,75141.0
2880,864,96,7,198720.0
2880,32,32,8,2851.0
2880,32,96,8,4019.0
2880,32,192,8,6257.0
2880,32,288,8,13885.0
2880,32,384,8,18076.0
2880,32,480,8,22086.0
2880,32,672,8,33209.0
2880,96,32,8,4320.0
2880,96,96,8,8010.0
2880,96,192,8,13561.0
2880,96,288,8,28081.0
2880,96,384,8,36821.0
2880,96,480,8,52279.0
2880,192,32,8,7063.0
2880,192,96,8,14226.0
2880,192,192,8,24753.0
2880,192,288,8,52074.0
2880,192,384,8,81249.0
2880,288,32,8,9775.0
2880,288,96,8,20479.0
2880,288,192,8,36046.0
2880,288,288,8,90950.0
2880,288,384,8,134422.0
2880,384,32,8,12470.0
2880,384,96,8,26562.0
2880,384,192,8,57503.0
2880,384,288,8,134094.0
2880,480,32,8,15194.0
2880,480,96,8,39619.0
2880,480,192,8,83916.0
2880,576,32,8,21518.0
2880,576,96,8,47135.0
2880,576,192,8,114933.0
2880,672,32,8,24669.0
2880,672,96,8,63352.0
2880,768,32,8,27891.0
2880,768,96,8,81877.0
2880,864,32,8,34908.0
2880,864,96,8,115159.0
2880,32,32,9,2710.0
2880,32,96,9,3818.0
2880,32,192,9,5574.0
2880,32,288,9,12026.0
2880,32,384,9,15538.0
2880,32,480,9,19360.0
2880,32,576,9,22471.0
2880,32,672,9,28934.0
2880,32,864,9,36554.0
2880,96,32,9,3913.0
2880,96,96,9,7155.0
2880,96,192,9,11998.0
2880,96,288,9,23957.0
2880,96,384,9,31907.0
2880,96,480,9,39122.0
2880,96,672,9,64750.0
2880,192,32,9,6290.0
2880,192,96,9,12502.0
2880,192,192,9,21778.0
2880,192,288,9,44996.0
2880,192,480,9,89244.0
2880,288,32,9,8651.0
2880,288,96,9,17927.0
2880,288,192,9,31535.0
2880,288,288,9,80497.0
2880,384,32,9,10944.0
2880,384,96,9,23258.0
2880,384,192,9,51507.0
2880,384,288,9,105539.0
2880,480,32,9,13318.0
2880,480,96,9,28677.0
2880,480,192,9,64013.0
2880,480,288,9,185246.0
2880,576,32,9,15581.0
2880,576,96,9,42111.0
2880,672,32,9,21957.0
2880,672,96,9,48734.0
2880,768,32,9,24600.0
2880,768,96,9,85367.0
2880,864,32,9,27642.0
2880,864,96,9,96273.0
3200,32,32,4,4085.0
3200,32,96,4,5992.0
3200,32,192,4,10205.0
3200,32,480,4,50061.0
3200,96,32,4,6829.0
3200,96,96,4,13590.0
3200,96,384,4,88784.0
3200,192,32,4,12237.0
3200,192,192,4,64229.0
3200,192,288,4,130244.0
3200,288,32,4,23556.0
3200,288,96,4,52045.0
3200,288,192,4,95378.0
3200,384,32,4,29847.0
3200,384,96,4,68595.0
3200,480,32,4,37054.0
3200,576,32,4,97343.0
3200,576,96,4,254263.0
3200,672,32,4,113824.0
3200,768,32,4,125316.0
3200,32,32,5,3640.0
3200,32,96,5,5235.0
3200,32,192,5,8242.0
3200,32,288,5,21148.0
3200,32,384,5,29330.0
3200,32,480,5,36270.0
3200,32,672,5,59206.0
3200,96,32,5,5923.0
3200,96,96,5,11447.0
3200,96,192,5,19705.0
3200,96,288,5,47918.0
3200,96,384,5,62029.0
3200,96,480,5,90481.0
3200,192,32,5,10162.0
3200,192,96,5,21019.0
3200,192,192,5,41955.0
3200,192,288,5,104852.0
3200,288,32,5,14521.0
3200,288,96,5,34502.0
3200,288,192,5,76711.0
3200,288,288,5,166744.0
3200,384,32,5,21181.0
3200,384,96,5,45384.0
3200,384,192,5,110985.0
3200,480,32,5,26223.0
3200,480,96,5,69158.0
3200,576,32,5,35948.0
3200,576,96,5,127883.0
3200,672,32,5,44837.0
3200,672,96,5,236030.0
3200,768,32,5,67044.0
3200,864,32,5,114296.0
3200,32,32,6,3322.0
3200,32,96,6,4795.0
3200,32,192,6,7777.0
3200,32,288,6,18460.0
3200,96,32,6,5295.0
3200,96,96,6,10196.0
3200,96,192,6,17367.0
3200,96,288,6,37147.0
3200,192,32,6,9023.0
3200,192,96,6,18435.0
3200,192,576,6,378711.0
3200,288,32,6,12806.0
3200,288,96,6,26674.0
3200,288,384,6,377051.0
3200,384,32,6,45045.0
3200,384,96,6,116532.0
3200,384,192,6,221796.0
3200,384,288,6,376709.0
3200,480,32,6,56194.0
3200,480,96,6,147046.0
3200,480,192,6,277896.0
3200,576,32,6,67695.0
3200,576,96,6,174326.0
3200,576,192,6,330692.0
3200,672,32,6,78726.0
3200,672,96,6,201264.0
3200,768,32,6,86827.0
3200,768,96,6,228280.0
3200,864,32,6,97341.0
3200,32,32,7,3151.0
3200,32,96,7,4543.0
3200,32,192,7,7127.0
3200,32,288,7,16654.0
3200,32,384,7,21677.0
3200,32,480,7,30633.0
3200,32,864,7,61519.0
3200,96,32,7,5041.0
3200,96,96,7,9269.0
3200,96,192,7,15850.0
3200,96,288,7,33721.0
3200,96,480,7,68293.0
3200,96,672,7,111697.0
3200,192,32,7,8270.0
3200,192,96,7,16738.0
3200,192,192,7,29334.0
3200,192,288,7,79628.0
3200,192,384,7,105101.0
3200,192,480,7,155828.0
3200,288,32,7,11595.0
3200,288,96,7,24139.0
3200,288,288,7,117769.0
3200,288,384,7,184701.0
3200,384,32,7,14940.0
3200,384,96,7,41976.0
3200,384,192,7,76350.0
3200,384,288,7,184594.0
3200,480,32,7,23235.0
3200,480,96,7,52342.0
3200,480,192,7,120133.0
3200,576,32,7,27598.0
3200,576,96,7,62199.0
3200,672,32,7,31857.0
3200,672,96,7,89551.0
3200,768,32,7,35827.0
3200,864,32,7,47543.0
3200,32,32,8,2958.0
3200,32,96,8,4369.0
3200,32,192,8,6554.0
3200,32,288,8,14722.0
3200,32,384,8,19354.0
3200,32,480,8,23832.0
3200,96,32,8,4479.0
3200,96,96,8,8448.0
3200,96,192,8,14331.0
3200,96,288,8,29259.0
3200,96,384,8,39319.0
3200,192,32,8,7502.0
3200,192,96,8,15084.0
3200,192,192,8,26380.0
3200,288,32,8,10353.0
3200,288,96,8,21667.0
3200,384,32,8,13434.0
3200,384,96,8,28273.0
3200,480,32,8,16291.0
3200,480,192,8,213523.0
3200,480,288,8,360719.0
3200,576,32,8,52616.0
3200,576,96,8,134241.0
3200,576,192,8,253807.0
3200,672,32,8,61095.0
3200,672,96,8,154669.0
3200,672,192,8,296588.0
3200,768,32,8,67259.0
3200,768,96,8,175550.0
3200,864,32,8,75409.0
3200,864,96,8,198962.0
3200,32,32,9,2906.0
3200,32,96,9,4147.0
3200,32,192,9,6288.0
3200,32,288,9,13914.0
3200,32,384,9,18113.0
3200,32,480,9,22129.0
3200,32,672,9,33250.0
3200,96,32,9,4383.0
3200,96,96,9,8038.0
3200,96,192,9,13548.0
3200,96,288,9,28073.0
3200,96,384,9,36816.0
3200,96,480,9,51766.0
3200,192,32,9,7111.0
3200,192,96,9,14253.0
3200,192,192,9,24856.0
3200,192,288,9,52129.0
3200,192,384,9,81420.0
3200,288,32,9,9826.0
3200,288,96,9,20415.0
3200,288,192,9,36046.0
3200,288,288,9,90992.0
3200,288,384,9,134673.0
3200,384,32,9,12513.0
3200,384,96,9,26570.0
3200,384,192,9,57550.0
3200,384,288,9,134217.0
3200,480,32,9,15215.0
3200,480,96,9,39682.0
3200,480,192,9,84013.0
3200,576,32,9,21454.0
3200,576,96,9,47283.0
3200,576,192,9,114914.0
3200,672,32,9,24849.0
3200,672,96,9,63385.0
3200,768,32,9,27927.0
3200,768,96,9,82064.0
3200,864,32,9,34836.0
3200,864,96,9,115404.0
3520,32,32,4,4413.0
3520,32,96,4,6471.0
3520,32,192,4,11107.0
3520,32,288,4,29765.0
3520,96,32,4,7489.0
3520,96,96,4,14848.0
3520,96,192,4,28317.0
3520,96,288,4,70635.0
3520,192,32,4,13415.0
3520,192,96,4,30566.0
3520,192,192,4,63993.0
3520,192,288,4,155905.0
3520,288,32,4,21401.0
3520,288,96,4,52150.0
3520,288,192,4,117231.0
3520,384,32,4,30629.0
3520,384,96,4,83599.0
3520,480,32,4,44367.0
3520,480,96,4,150059.0
3520,576,32,4,71714.0
3520,672,32,4,127296.0
3520,32,32,5,3854.0
3520,32,96,5,5609.0
3520,32,192,5,9299.0
3520,32,288,5,23001.0
3520,32,384,5,31839.0
3520,96,32,5,6285.0
3520,96,96,5,12315.0
3520,96,192,5,21373.0
3520,96,288,5,51484.0
3520,96,576,5,166890.0
3520,192,32,5,10975.0
3520,192,96,5,22643.0
3520,192,192,5,45055.0
3520,288,32,5,15690.0
3520,288,96,5,36965.0
3520,288,288,5,245173.0
3520,384,32,5,22876.0
3520,384,192,5,176601.0
3520,480,32,5,47546.0
3520,480,96,5,118467.0
3520,576,32,5,56996.0
3520,576,96,5,140487.0
3520,672,32,5,66366.0
3520,768,32,5,111218.0
3520,864,32,5,125759.0
3520,32,32,6,3555.0
3520,32,96,6,5119.0
3520,32,192,6,8367.0
3520,32,288,6,20222.0
3520,32,864,6,123974.0
3520,96,32,6,5805.0
3520,96,96,6,11035.0
3520,96,192,6,18961.0
3520,96,672,6,252257.0
3520,192,32,6,9837.0
3520,192,96,6,20101.0
3520,288,32,6,13939.0
3520,288,288,6,320007.0
3520,288,384,6,421190.0
3520,384,32,6,50276.0
3520,384,96,6,130523.0
3520,384,192,6,247911.0
3520,384,288,6,420861.0
3520,480,32,6,62730.0
3520,480,96,6,164187.0
3520,480,192,6,310378.0
3520,576,32,6,75530.0
3520,576,96,6,194805.0
3520,672,32,6,87790.0
3520,672,96,6,224709.0
3520,768,32,6,96831.0
3520,864,32,6,108821.0
3520,32,32,7,3395.0
3520,32,96,7,4863.0
3520,32,192,7,7411.0
3520,32,288,7,17686.0
3520,32,384,7,23158.0
3520,32,480,7,30198.0
3520,96,32,7,5149.0
3520,96,96,7,9726.0
3520,96,192,7,16691.0
3520,96,288,7,35521.0
3520,96,384,7,52214.0
3520,96,480,7,64201.0
3520,192,32,7,8625.0
3520,192,96,7,17574.0
3520,192,192,7,30824.0
3520,192,288,7,76706.0
3520,288,32,7,12169.0
3520,288,96,7,25396.0
3520,288,192,7,52788.0
3520,288,288,7,134426.0
3520,384,32,7,15728.0
3520,384,96,7,38792.0
3520,384,192,7,89239.0
3520,480,32,7,22104.0
3520,480,96,7,48086.0
3520,576,32,7,26384.0
3520,576,96,7,72335.0
3520,672,32,7,36388.0
3520,672,96,7,119071.0
3520,768,32,7,40686.0
3520,864,32,7,61064.0
3520,32,32,8,3089.0
3520,32,96,8,4357.0
3520,32,192,8,6813.0
3520,32,288,8,15770.0
3520,32,384,8,20424.0
3520,32,480,8,27106.0
3520,32,672,8,37635.0
3520,96,32,8,4702.0
3520,96,96,8,8918.0
3520,96,192,8,15086.0
3520,96,288,8,31870.0
3520,96,384,8,46947.0
3520,96,480,8,59452.0
3520,192,32,8,7876.0
3520,192,96,8,15923.0
3520,192,192,8,27874.0
3520,192,288,8,69036.0
3520,192,384,8,91894.0
3520,288,32,8,10999.0
3520,288,96,8,22859.0
3520,288,192,8,48363.0
3520,288,288,8,102999.0
3520,384,32,8,14146.0
3520,384,96,8,35310.0
3520,384,192,8,63577.0
3520,480,32,8,20308.0
3520,480,96,8,43828.0
3520,576,32,8,23838.0
3520,576,192,8,168570.0
3520,672,32,8,27708.0
3520,672,96,8,104523.0
3520,768,32,8,47965.0
3520,768,96,8,118657.0
3520,864,32,8,53715.0
3520,864,96,8,214104.0
3520,32,32,9,3120.0
3520,32,96,9,4204.0
3520,32,192,9,6605.0
3520,32,288,9,14866.0
3520,32,384,9,19372.0
3520,32,480,9,23832.0
3520,96,32,9,4504.0
3520,96,96,9,8441.0
3520,96,192,9,14362.0
3520,96,288,9,29950.0
3520,96,384,9,39353.0
3520,192,32,9,7527.0
3520,192,96,9,15093.0
3520,192,192,9,26370.0
3520,288,32,9,10450.0
3520,288,96,9,21694.0
3520,384,32,9,13365.0
3520,384,96,9,28278.0
3520,480,32,9,16295.0
3520,480,192,9,213867.0
3520,480,288,9,361494.0
3520,576,32,9,52896.0
3520,576,96,9,134498.0
3520,576,192,9,254088.0
3520,672,32,9,61356.0
3520,672,96,9,154967.0
3520,672,192,9,297005.0
3520,768,32,9,67466.0
3520,768,96,9,175826.0
3520,864,32,9,75775.0
3520,864,96,9,199413.0
3840,32,32,4,4600.0
3840,32,96,4,6826.0
3840,32,192,4,11782.0
3840,32,288,4,31345.0
3840,32,384,4,43225.0
3840,32,480,4,60164.0
3840,96,32,4,8034.0
3840,96,96,4,15728.0
3840,96,192,4,29825.0
3840,96,288,4,69089.0
3840,192,32,4,14105.0
3840,192,96,4,32247.0
3840,192,192,4,62167.0
3840,288,32,4,22897.0
3840,288,96,4,50967.0
3840,288,192,4,144338.0
3840,384,32,4,30747.0
3840,384,96,4,82052.0
3840,480,32,4,44295.0
3840,576,32,4,76579.0
3840,672,32,4,136419.0
3840,32,32,5,4052.0
3840,32,96,5,5890.0
3840,32,192,5,9954.0
3840,32,288,5,26068.0
3840,32,384,5,34230.0
3840,32,480,5,44816.0
3840,96,32,5,6720.0
3840,96,96,5,13250.0
3840,96,192,5,25336.0
3840,96,288,5,55604.0
3840,96,384,5,77346.0
3840,192,32,5,11809.0
3840,192,96,5,27181.0
3840,192,192,5,48224.0
3840,192,288,5,119494.0
3840,288,32,5,18991.0
3840,288,96,5,39665.0
3840,288,192,5,85807.0
3840,384,32,5,24605.0
3840,384,96,5,57014.0
3840,480,32,5,32187.0
3840,480,96,5,90296.0
3840,576,32,5,45949.0
3840,672,32,5,72480.0
3840,768,32,5,121433.0
3840,32,32,6,3643.0
3840,32,96,6,5275.0
3840,32,192,6,8739.0
3840,32,288,6,21288.0
3840,32,384,6,29415.0
3840,32,480,6,36477.0
3840,32,672,6,59439.0
3840,96,32,6,5906.0
3840,96,96,6,11443.0
3840,96,192,6,19829.0
3840,96,288,6,47607.0
3840,96,384,6,62130.0
3840,96,480,6,90658.0
3840,192,32,6,10211.0
3840,192,96,6,20944.0
3840,192,192,6,41976.0
3840,192,288,6,105451.0
3840,288,32,6,14517.0
3840,288,96,6,34576.0
3840,288,192,6,76899.0
3840,288,288,6,166889.0
3840,384,32,6,21237.0
3840,384,96,6,45433.0
3840,384,192,6,111111.0
3840,480,32,6,26310.0
3840,480,96,6,69118.0
3840,576,32,6,36080.0
3840,576,96,6,128240.0
3840,672,32,6,44924.0
3840,672,96,6,236403.0
3840,768,32,6,67339.0
3840,864,32,6,114187.0
3840,32,32,7,3508.0
3840,32,96,7,4953.0
3840,32,192,7,8188.0
3840,32,288,7,19420.0
3840,32,384,7,27293.0
3840,32,480,7,33456.0
3840,32,576,7,42228.0
3840,96,32,7,5553.0
3840,96,96,7,10598.0
3840,96,192,7,18226.0
3840,96,288,7,43696.0
3840,96,384,7,56461.0
3840,96,480,7,76708.0
3840,192,32,7,9461.0
3840,192,96,7,19297.0
3840,192,192,7,38994.0
3840,192,288,7,83992.0
3840,288,32,7,13343.0
3840,288,96,7,32040.0
3840,288,192,7,57327.0
3840,288,288,7,167224.0
3840,384,32,7,19703.0
3840,384,96,7,42156.0
3840,480,32,7,24422.0
3840,480,96,7,58569.0
3840,480,192,7,181581.0
3840,576,32,7,31182.0
3840,576,96,7,92621.0
3840,672,32,7,45472.0
3840,672,96,7,133895.0
3840,768,32,7,50821.0
3840,864,32,7,68482.0
3840,32,32,8,3186.0
3840,32,96,8,4512.0
3840,32,192,8,7059.0
3840,32,288,8,16707.0
3840,32,384,8,21665.0
3840,32,480,8,30835.0
3840,32,864,8,61495.0
3840,96,32,8,5036.0
3840,96,96,8,9340.0
3840,96,192,8,15884.0
3840,96,288,8,33738.0
3840,96,480,8,67455.0
3840,96,672,8,111068.0
3840,192,32,8,8355.0
3840,192,96,8,16822.0
3840,192,192,8,29400.0
3840,192,288,8,79440.0
3840,192,384,8,105461.0
3840,192,480,8,155856.0
3840,288,32,8,11595.0
3840,288,96,8,24190.0
3840,288,288,8,117863.0
3840,288,384,8,185147.0
3840,384,32,8,14947.0
3840,384,96,8,41978.0
3840,384,192,8,76455.0
3840,384,288,8,184076.0
3840,480,32,8,23219.0
3840,480,96,8,52362.0
3840,480,192,8,120239.0
3840,576,32,8,27635.0
3840,576,96,8,62321.0
3840,672,32,8,32000.0
3840,672,96,8,89770.0
3840,768,32,8,35983.0
3840,864,32,8,47878.0
3840,32,32,9,3098.0
3840,32,96,9,4372.0
3840,32,192,9,6927.0
3840,32,288,9,15780.0
3840,32,384,9,20451.0
3840,32,480,9,27106.0
3840,32,672,9,37598.0
3840,96,32,9,4739.0
3840,96,96,9,8898.0
3840,96,192,9,15133.0
3840,96,288,9,31908.0
3840,96,384,9,46616.0
3840,96,480,9,60011.0
3840,192,32,9,7976.0
3840,192,96,9,15996.0
3840,192,192,9,27872.0
3840,192,288,9,69033.0
3840,192,384,9,91035.0
3840,288,32,9,11019.0
3840,288,96,9,22888.0
3840,288,192,9,48320.0
3840,288,288,9,103397.0
3840,384,32,9,14165.0
3840,384,96,9,35356.0
3840,384,192,9,63587.0
3840,480,32,9,20331.0
3840,480,96,9,43838.0
3840,576,32,9,23901.0
3840,576,192,9,168716.0
3840,672,32,9,27786.0
3840,672,96,9,104725.0
3840,768,32,9,48060.0
3840,768,96,9,118854.0
3840,864,32,9,54067.0
3840,864,96,9,214492.0
